index,date,count
7167,2019-10-26 15:00,802
7168,2019-10-26 16:00,843
7169,2019-10-26 17:00,1109
7170,2019-10-26 18:00,1019
7171,2019-10-26 19:00,846
7172,2019-10-26 20:00,739
7173,2019-10-26 21:00,674
7174,2019-10-26 22:00,660
7175,2019-10-26 23:00,755
7176,2019-10-27 00:00,633
7177,2019-10-27 01:00,498
7178,2019-10-27 02:00,1072
7179,2019-10-27 03:00,400
7180,2019-10-27 04:00,329
7181,2019-10-27 05:00,278
7182,2019-10-27 06:00,243
7183,2019-10-27 07:00,228
7184,2019-10-27 08:00,239
7185,2019-10-27 09:00,246
7186,2019-10-27 10:00,276
7187,2019-10-27 11:00,259
7188,2019-10-27 12:00,280
7189,2019-10-27 13:00,315
7190,2019-10-27 14:00,392
7191,2019-10-27 15:00,1099
7192,2019-10-27 16:00,658
7193,2019-10-27 17:00,591
7194,2019-10-27 18:00,2464
7195,2019-10-27 19:00,1604
7196,2019-10-27 20:00,1399
7197,2019-10-27 21:00,1602
7198,2019-10-27 22:00,869
7199,2019-10-27 23:00,699
7200,2019-10-28 00:00,465
7201,2019-10-28 01:00,424
7202,2019-10-28 02:00,419
7203,2019-10-28 03:00,314
7204,2019-10-28 04:00,292
7205,2019-10-28 05:00,250
7206,2019-10-28 06:00,219
7207,2019-10-28 07:00,203
7208,2019-10-28 08:00,224
7209,2019-10-28 09:00,182
7210,2019-10-28 10:00,238
7211,2019-10-28 11:00,236
7212,2019-10-28 12:00,234
7213,2019-10-28 13:00,266
7214,2019-10-28 14:00,285
7215,2019-10-28 15:00,276
7216,2019-10-28 16:00,341
7217,2019-10-28 17:00,303
7218,2019-10-28 18:00,296
7219,2019-10-28 19:00,252
7220,2019-10-28 20:00,260
7221,2019-10-28 21:00,291
7222,2019-10-28 22:00,380
7223,2019-10-28 23:00,257
7224,2019-10-29 00:00,247
7225,2019-10-29 01:00,239
7226,2019-10-29 02:00,231
7227,2019-10-29 03:00,198
7228,2019-10-29 04:00,162
7229,2019-10-29 05:00,138
7230,2019-10-29 06:00,123
7231,2019-10-29 07:00,117
7232,2019-10-29 08:00,130
7233,2019-10-29 09:00,133
7234,2019-10-29 10:00,134
7235,2019-10-29 11:00,159
7236,2019-10-29 12:00,177
7237,2019-10-29 13:00,200
7238,2019-10-29 14:00,205
7239,2019-10-29 15:00,192
7240,2019-10-29 16:00,214
7241,2019-10-29 17:00,227
7242,2019-10-29 18:00,227
7243,2019-10-29 19:00,221
7244,2019-10-29 20:00,202
7245,2019-10-29 21:00,210
7246,2019-10-29 22:00,443
7247,2019-10-29 23:00,492
7248,2019-10-30 00:00,363
7249,2019-10-30 01:00,651
7250,2019-10-30 02:00,794
7251,2019-10-30 03:00,600
7252,2019-10-30 04:00,534
7253,2019-10-30 05:00,418
7254,2019-10-30 06:00,357
7255,2019-10-30 07:00,395
7256,2019-10-30 08:00,381
7257,2019-10-30 09:00,344
7258,2019-10-30 10:00,374
7259,2019-10-30 11:00,395
7260,2019-10-30 12:00,411
7261,2019-10-30 13:00,433
7262,2019-10-30 14:00,516
7263,2019-10-30 15:00,653
7264,2019-10-30 16:00,536
7265,2019-10-30 17:00,491
7266,2019-10-30 18:00,550
7267,2019-10-30 19:00,652
7268,2019-10-30 20:00,505
7269,2019-10-30 21:00,472
7270,2019-10-30 22:00,730
7271,2019-10-30 23:00,787
7272,2019-10-31 00:00,546
7273,2019-10-31 01:00,412
7274,2019-10-31 02:00,362
7275,2019-10-31 03:00,321
7276,2019-10-31 04:00,272
7277,2019-10-31 05:00,218
7278,2019-10-31 06:00,218
7279,2019-10-31 07:00,187
7280,2019-10-31 08:00,216
7281,2019-10-31 09:00,228
7282,2019-10-31 10:00,215
7283,2019-10-31 11:00,197
7284,2019-10-31 12:00,236
7285,2019-10-31 13:00,285
7286,2019-10-31 14:00,399
7287,2019-10-31 15:00,359
7288,2019-10-31 16:00,391
7289,2019-10-31 17:00,379
7290,2019-10-31 18:00,339
7291,2019-10-31 19:00,350
7292,2019-10-31 20:00,296
7293,2019-10-31 21:00,264
7294,2019-10-31 22:00,286
7295,2019-10-31 23:00,225
7296,2019-11-01 00:00,193
7297,2019-11-01 01:00,151
7298,2019-11-01 02:00,141
7299,2019-11-01 03:00,149
7300,2019-11-01 04:00,117
7301,2019-11-01 05:00,76
7302,2019-11-01 06:00,67
7303,2019-11-01 07:00,93
7304,2019-11-01 08:00,78
7305,2019-11-01 09:00,71
7306,2019-11-01 10:00,92
7307,2019-11-01 11:00,106
7308,2019-11-01 12:00,89
7309,2019-11-01 13:00,131
7310,2019-11-01 14:00,147
7311,2019-11-01 15:00,178
7312,2019-11-01 16:00,162
7313,2019-11-01 17:00,156
7314,2019-11-01 18:00,166
7315,2019-11-01 19:00,160
7316,2019-11-01 20:00,167
7317,2019-11-01 21:00,144
7318,2019-11-01 22:00,140
7319,2019-11-01 23:00,139
7320,2019-11-02 00:00,95
7321,2019-11-02 01:00,99
7322,2019-11-02 02:00,90
7323,2019-11-02 03:00,88
7324,2019-11-02 04:00,84
7325,2019-11-02 05:00,73
7326,2019-11-02 06:00,52
7327,2019-11-02 07:00,59
7328,2019-11-02 08:00,62
7329,2019-11-02 09:00,49
7330,2019-11-02 10:00,57
7331,2019-11-02 11:00,63
7332,2019-11-02 12:00,50
7333,2019-11-02 13:00,81
7334,2019-11-02 14:00,60
7335,2019-11-02 15:00,102
7336,2019-11-02 16:00,103
7337,2019-11-02 17:00,98
7338,2019-11-02 18:00,136
7339,2019-11-02 19:00,111
7340,2019-11-02 20:00,97
7341,2019-11-02 21:00,86
7342,2019-11-02 22:00,69
7343,2019-11-02 23:00,68
7344,2019-11-03 00:00,67
7345,2019-11-03 01:00,57
7346,2019-11-03 02:00,68
7347,2019-11-03 03:00,49
7348,2019-11-03 04:00,46
7349,2019-11-03 05:00,32
7350,2019-11-03 06:00,45
7351,2019-11-03 07:00,30
7352,2019-11-03 08:00,28
7353,2019-11-03 09:00,26
7354,2019-11-03 10:00,21
7355,2019-11-03 11:00,42
7356,2019-11-03 12:00,45
7357,2019-11-03 13:00,44
7358,2019-11-03 14:00,54
7359,2019-11-03 15:00,72
7360,2019-11-03 16:00,75
7361,2019-11-03 17:00,74
7362,2019-11-03 18:00,72
7363,2019-11-03 19:00,93
7364,2019-11-03 20:00,94
7365,2019-11-03 21:00,85
7366,2019-11-03 22:00,56
7367,2019-11-03 23:00,69
7368,2019-11-04 00:00,71
7369,2019-11-04 01:00,69
7370,2019-11-04 02:00,54
7371,2019-11-04 03:00,57
7372,2019-11-04 04:00,41
7373,2019-11-04 05:00,36
7374,2019-11-04 06:00,50
7375,2019-11-04 07:00,33
7376,2019-11-04 08:00,27
7377,2019-11-04 09:00,50
7378,2019-11-04 10:00,40
7379,2019-11-04 11:00,34
7380,2019-11-04 12:00,29
7381,2019-11-04 13:00,36
7382,2019-11-04 14:00,40
7383,2019-11-04 15:00,54
7384,2019-11-04 16:00,79
7385,2019-11-04 17:00,59
7386,2019-11-04 18:00,64
7387,2019-11-04 19:00,50
7388,2019-11-04 20:00,58
7389,2019-11-04 21:00,52
7390,2019-11-04 22:00,74
7391,2019-11-04 23:00,71
7392,2019-11-05 00:00,72
7393,2019-11-05 01:00,78
7394,2019-11-05 02:00,53
7395,2019-11-05 03:00,71
7396,2019-11-05 04:00,40
7397,2019-11-05 05:00,58
7398,2019-11-05 06:00,55
7399,2019-11-05 07:00,49
7400,2019-11-05 08:00,34
7401,2019-11-05 09:00,37
7402,2019-11-05 10:00,51
7403,2019-11-05 11:00,34
7404,2019-11-05 12:00,47
7405,2019-11-05 13:00,53
7406,2019-11-05 14:00,53
7407,2019-11-05 15:00,62
7408,2019-11-05 16:00,62
7409,2019-11-05 17:00,58
7410,2019-11-05 18:00,69
7411,2019-11-05 19:00,104
7412,2019-11-05 20:00,73
7413,2019-11-05 21:00,84
7414,2019-11-05 22:00,82
7415,2019-11-05 23:00,97
7416,2019-11-06 00:00,49
7417,2019-11-06 01:00,158
7418,2019-11-06 02:00,64
7419,2019-11-06 03:00,51
7420,2019-11-06 04:00,44
7421,2019-11-06 05:00,58
7422,2019-11-06 06:00,56
7423,2019-11-06 07:00,45
7424,2019-11-06 08:00,40
7425,2019-11-06 09:00,36
7426,2019-11-06 10:00,45
7427,2019-11-06 11:00,33
7428,2019-11-06 12:00,43
7429,2019-11-06 13:00,49
7430,2019-11-06 14:00,65
7431,2019-11-06 15:00,60
7432,2019-11-06 16:00,75
7433,2019-11-06 17:00,63
7434,2019-11-06 18:00,151
7435,2019-11-06 19:00,119
7436,2019-11-06 20:00,96
7437,2019-11-06 21:00,104
7438,2019-11-06 22:00,90
7439,2019-11-06 23:00,90
7440,2019-11-07 00:00,111
7441,2019-11-07 01:00,243
7442,2019-11-07 02:00,111
7443,2019-11-07 03:00,71
7444,2019-11-07 04:00,63
7445,2019-11-07 05:00,59
7446,2019-11-07 06:00,54
7447,2019-11-07 07:00,60
7448,2019-11-07 08:00,35
7449,2019-11-07 09:00,38
7450,2019-11-07 10:00,42
7451,2019-11-07 11:00,52
7452,2019-11-07 12:00,45
7453,2019-11-07 13:00,49
7454,2019-11-07 14:00,73
7455,2019-11-07 15:00,54
7456,2019-11-07 16:00,74
7457,2019-11-07 17:00,66
7458,2019-11-07 18:00,74
7459,2019-11-07 19:00,76
7460,2019-11-07 20:00,68
7461,2019-11-07 21:00,55
7462,2019-11-07 22:00,67
7463,2019-11-07 23:00,61
7464,2019-11-08 00:00,38
7465,2019-11-08 01:00,38
7466,2019-11-08 02:00,39
7467,2019-11-08 03:00,30
7468,2019-11-08 04:00,44
7469,2019-11-08 05:00,33
7470,2019-11-08 06:00,26
7471,2019-11-08 07:00,34
7472,2019-11-08 08:00,29
7473,2019-11-08 09:00,25
7474,2019-11-08 10:00,25
7475,2019-11-08 11:00,26
7476,2019-11-08 12:00,28
7477,2019-11-08 13:00,55
7478,2019-11-08 14:00,46
7479,2019-11-08 15:00,36
7480,2019-11-08 16:00,70
7481,2019-11-08 17:00,66
7482,2019-11-08 18:00,48
7483,2019-11-08 19:00,47
7484,2019-11-08 20:00,61
7485,2019-11-08 21:00,47
7486,2019-11-08 22:00,31
7487,2019-11-08 23:00,55
7488,2019-11-09 00:00,43
7489,2019-11-09 01:00,41
7490,2019-11-09 02:00,32
7491,2019-11-09 03:00,39
7492,2019-11-09 04:00,34
7493,2019-11-09 05:00,29
7494,2019-11-09 06:00,28
7495,2019-11-09 07:00,19
7496,2019-11-09 08:00,23
7497,2019-11-09 09:00,19
7498,2019-11-09 10:00,28
7499,2019-11-09 11:00,32
7500,2019-11-09 12:00,28
7501,2019-11-09 13:00,30
7502,2019-11-09 14:00,36
7503,2019-11-09 15:00,36
7504,2019-11-09 16:00,36
7505,2019-11-09 17:00,108
7506,2019-11-09 18:00,250
7507,2019-11-09 19:00,154
7508,2019-11-09 20:00,140
7509,2019-11-09 21:00,121
7510,2019-11-09 22:00,113
7511,2019-11-09 23:00,101
7512,2019-11-10 00:00,84
7513,2019-11-10 01:00,86
7514,2019-11-10 02:00,82
7515,2019-11-10 03:00,51
7516,2019-11-10 04:00,51
7517,2019-11-10 05:00,57
7518,2019-11-10 06:00,35
7519,2019-11-10 07:00,41
7520,2019-11-10 08:00,38
7521,2019-11-10 09:00,64
7522,2019-11-10 10:00,66
7523,2019-11-10 11:00,42
7524,2019-11-10 12:00,28
7525,2019-11-10 13:00,44
7526,2019-11-10 14:00,48
7527,2019-11-10 15:00,67
7528,2019-11-10 16:00,66
7529,2019-11-10 17:00,75
7530,2019-11-10 18:00,67
7531,2019-11-10 19:00,48
7532,2019-11-10 20:00,55
7533,2019-11-10 21:00,60
7534,2019-11-10 22:00,88
7535,2019-11-10 23:00,71
7536,2019-11-11 00:00,81
7537,2019-11-11 01:00,62
7538,2019-11-11 02:00,61
7539,2019-11-11 03:00,58
7540,2019-11-11 04:00,73
7541,2019-11-11 05:00,68
7542,2019-11-11 06:00,58
7543,2019-11-11 07:00,27
7544,2019-11-11 08:00,17
7545,2019-11-11 09:00,14
7546,2019-11-11 10:00,15
7547,2019-11-11 11:00,15
7548,2019-11-11 12:00,27
7549,2019-11-11 13:00,63
7550,2019-11-11 14:00,55
7551,2019-11-11 15:00,39
7552,2019-11-11 16:00,29
7553,2019-11-11 17:00,39
7554,2019-11-11 18:00,43
7555,2019-11-11 19:00,34
7556,2019-11-11 20:00,43
7557,2019-11-11 21:00,34
7558,2019-11-11 22:00,41
7559,2019-11-11 23:00,42
7560,2019-11-12 00:00,35
7561,2019-11-12 01:00,38
7562,2019-11-12 02:00,24
7563,2019-11-12 03:00,22
7564,2019-11-12 04:00,30
7565,2019-11-12 05:00,24
7566,2019-11-12 06:00,13
7567,2019-11-12 07:00,21
7568,2019-11-12 08:00,15
7569,2019-11-12 09:00,19
7570,2019-11-12 10:00,20
7571,2019-11-12 11:00,16
7572,2019-11-12 12:00,24
7573,2019-11-12 13:00,15
7574,2019-11-12 14:00,36
7575,2019-11-12 15:00,36
7576,2019-11-12 16:00,32
7577,2019-11-12 17:00,31
7578,2019-11-12 18:00,40
7579,2019-11-12 19:00,28
7580,2019-11-12 20:00,36
7581,2019-11-12 21:00,87
7582,2019-11-12 22:00,59
7583,2019-11-12 23:00,57
7584,2019-11-13 00:00,60
7585,2019-11-13 01:00,53
7586,2019-11-13 02:00,34
7587,2019-11-13 03:00,31
7588,2019-11-13 04:00,31
7589,2019-11-13 05:00,27
7590,2019-11-13 06:00,30
7591,2019-11-13 07:00,21
7592,2019-11-13 08:00,19
7593,2019-11-13 09:00,21
7594,2019-11-13 10:00,16
7595,2019-11-13 11:00,12
7596,2019-11-13 12:00,16
7597,2019-11-13 13:00,31
7598,2019-11-13 14:00,31
7599,2019-11-13 15:00,28
7600,2019-11-13 16:00,21
7601,2019-11-13 17:00,35
7602,2019-11-13 18:00,28
7603,2019-11-13 19:00,29
7604,2019-11-13 20:00,25
7605,2019-11-13 21:00,31
7606,2019-11-13 22:00,40
7607,2019-11-13 23:00,59
7608,2019-11-14 00:00,39
7609,2019-11-14 01:00,37
7610,2019-11-14 02:00,26
7611,2019-11-14 03:00,23
7612,2019-11-14 04:00,27
7613,2019-11-14 05:00,21
7614,2019-11-14 06:00,14
7615,2019-11-14 07:00,22
7616,2019-11-14 08:00,12
7617,2019-11-14 09:00,24
7618,2019-11-14 10:00,20
7619,2019-11-14 11:00,16
7620,2019-11-14 12:00,17
7621,2019-11-14 13:00,22
7622,2019-11-14 14:00,41
7623,2019-11-14 15:00,30
7624,2019-11-14 16:00,35
7625,2019-11-14 17:00,27
7626,2019-11-14 18:00,28
7627,2019-11-14 19:00,30
7628,2019-11-14 20:00,25
7629,2019-11-14 21:00,33
7630,2019-11-14 22:00,51
7631,2019-11-14 23:00,40
7632,2019-11-15 00:00,26
7633,2019-11-15 01:00,33
7634,2019-11-15 02:00,28
7635,2019-11-15 03:00,48
7636,2019-11-15 04:00,20
7637,2019-11-15 05:00,25
7638,2019-11-15 06:00,21
7639,2019-11-15 07:00,16
7640,2019-11-15 08:00,14
7641,2019-11-15 09:00,17
7642,2019-11-15 10:00,13
7643,2019-11-15 11:00,10
7644,2019-11-15 12:00,25
7645,2019-11-15 13:00,24
7646,2019-11-15 14:00,29
7647,2019-11-15 15:00,33
7648,2019-11-15 16:00,35
7649,2019-11-15 17:00,33
7650,2019-11-15 18:00,42
7651,2019-11-15 19:00,38
7652,2019-11-15 20:00,32
7653,2019-11-15 21:00,37
7654,2019-11-15 22:00,50
7655,2019-11-15 23:00,32
7656,2019-11-16 00:00,29
7657,2019-11-16 01:00,37
7658,2019-11-16 02:00,23
7659,2019-11-16 03:00,35
7660,2019-11-16 04:00,37
7661,2019-11-16 05:00,27
7662,2019-11-16 06:00,29
7663,2019-11-16 07:00,10
7664,2019-11-16 08:00,17
7665,2019-11-16 09:00,10
7666,2019-11-16 10:00,16
7667,2019-11-16 11:00,14
7668,2019-11-16 12:00,25
7669,2019-11-16 13:00,21
7670,2019-11-16 14:00,31
7671,2019-11-16 15:00,35
7672,2019-11-16 16:00,22
7673,2019-11-16 17:00,32
7674,2019-11-16 18:00,38
7675,2019-11-16 19:00,38
7676,2019-11-16 20:00,31
7677,2019-11-16 21:00,31
7678,2019-11-16 22:00,44
7679,2019-11-16 23:00,32
7680,2019-11-17 00:00,30
7681,2019-11-17 01:00,31
7682,2019-11-17 02:00,33
7683,2019-11-17 03:00,16
7684,2019-11-17 04:00,15
7685,2019-11-17 05:00,25
7686,2019-11-17 06:00,17
7687,2019-11-17 07:00,20
7688,2019-11-17 08:00,11
7689,2019-11-17 09:00,12
7690,2019-11-17 10:00,15
7691,2019-11-17 11:00,13
7692,2019-11-17 12:00,20
7693,2019-11-17 13:00,30
7694,2019-11-17 14:00,20
7695,2019-11-17 15:00,28
7696,2019-11-17 16:00,38
7697,2019-11-17 17:00,31
7698,2019-11-17 18:00,39
7699,2019-11-17 19:00,28
7700,2019-11-17 20:00,22
7701,2019-11-17 21:00,26
7702,2019-11-17 22:00,29
7703,2019-11-17 23:00,28
7704,2019-11-18 00:00,26
7705,2019-11-18 01:00,27
7706,2019-11-18 02:00,26
7707,2019-11-18 03:00,23
7708,2019-11-18 04:00,20
7709,2019-11-18 05:00,26
7710,2019-11-18 06:00,26
7711,2019-11-18 07:00,13
7712,2019-11-18 08:00,10
7713,2019-11-18 09:00,21
7714,2019-11-18 10:00,16
7715,2019-11-18 11:00,25
7716,2019-11-18 12:00,12
7717,2019-11-18 13:00,25
7718,2019-11-18 14:00,16
7719,2019-11-18 15:00,27
7720,2019-11-18 16:00,17
7721,2019-11-18 17:00,24
7722,2019-11-18 18:00,29
7723,2019-11-18 19:00,28
7724,2019-11-18 20:00,32
7725,2019-11-18 21:00,27
7726,2019-11-18 22:00,24
7727,2019-11-18 23:00,25
7728,2019-11-19 00:00,26
7729,2019-11-19 01:00,21
7730,2019-11-19 02:00,15
7731,2019-11-19 03:00,21
7732,2019-11-19 04:00,18
7733,2019-11-19 05:00,9
7734,2019-11-19 06:00,16
7735,2019-11-19 07:00,10
7736,2019-11-19 08:00,15
7737,2019-11-19 09:00,11
7738,2019-11-19 10:00,19
7739,2019-11-19 11:00,10
7740,2019-11-19 12:00,17
7741,2019-11-19 13:00,18
7742,2019-11-19 14:00,16
7743,2019-11-19 15:00,17
7744,2019-11-19 16:00,15
7745,2019-11-19 17:00,31
7746,2019-11-19 18:00,27
7747,2019-11-19 19:00,36
7748,2019-11-19 20:00,29
7749,2019-11-19 21:00,17
7750,2019-11-19 22:00,24
7751,2019-11-19 23:00,29
7752,2019-11-20 00:00,27
7753,2019-11-20 01:00,20
7754,2019-11-20 02:00,11
7755,2019-11-20 03:00,16
7756,2019-11-20 04:00,13
7757,2019-11-20 05:00,16
7758,2019-11-20 06:00,15
7759,2019-11-20 07:00,12
7760,2019-11-20 08:00,4
7761,2019-11-20 09:00,7
7762,2019-11-20 10:00,8
7763,2019-11-20 11:00,20
7764,2019-11-20 12:00,11
7765,2019-11-20 13:00,22
7766,2019-11-20 14:00,22
7767,2019-11-20 15:00,29
7768,2019-11-20 16:00,17
7769,2019-11-20 17:00,18
7770,2019-11-20 18:00,21
7771,2019-11-20 19:00,19
7772,2019-11-20 20:00,35
7773,2019-11-20 21:00,36
7774,2019-11-20 22:00,17
7775,2019-11-20 23:00,19
7776,2019-11-21 00:00,20
7777,2019-11-21 01:00,22
7778,2019-11-21 02:00,28
7779,2019-11-21 03:00,17
7780,2019-11-21 04:00,15
7781,2019-11-21 05:00,16
7782,2019-11-21 06:00,18
7783,2019-11-21 07:00,15
7784,2019-11-21 08:00,16
7785,2019-11-21 09:00,11
7786,2019-11-21 10:00,13
7787,2019-11-21 11:00,7
7788,2019-11-21 12:00,17
7789,2019-11-21 13:00,13
7790,2019-11-21 14:00,13
7791,2019-11-21 15:00,20
7792,2019-11-21 16:00,22
7793,2019-11-21 17:00,18
7794,2019-11-21 18:00,25
7795,2019-11-21 19:00,30
7796,2019-11-21 20:00,15
7797,2019-11-21 21:00,27
7798,2019-11-21 22:00,22
7799,2019-11-21 23:00,22
7800,2019-11-22 00:00,22
7801,2019-11-22 01:00,22
7802,2019-11-22 02:00,24
7803,2019-11-22 03:00,14
7804,2019-11-22 04:00,21
7805,2019-11-22 05:00,15
7806,2019-11-22 06:00,14
7807,2019-11-22 07:00,11
7808,2019-11-22 08:00,10
7809,2019-11-22 09:00,14
7810,2019-11-22 10:00,18
7811,2019-11-22 11:00,9
7812,2019-11-22 12:00,15
7813,2019-11-22 13:00,16
7814,2019-11-22 14:00,18
7815,2019-11-22 15:00,23
7816,2019-11-22 16:00,13
7817,2019-11-22 17:00,24
7818,2019-11-22 18:00,37
7819,2019-11-22 19:00,32
7820,2019-11-22 20:00,21
7821,2019-11-22 21:00,27
7822,2019-11-22 22:00,26
7823,2019-11-22 23:00,24
7824,2019-11-23 00:00,22
7825,2019-11-23 01:00,20
7826,2019-11-23 02:00,21
7827,2019-11-23 03:00,11
7828,2019-11-23 04:00,21
7829,2019-11-23 05:00,17
7830,2019-11-23 06:00,13
7831,2019-11-23 07:00,10
7832,2019-11-23 08:00,13
7833,2019-11-23 09:00,8
7834,2019-11-23 10:00,9
7835,2019-11-23 11:00,15
7836,2019-11-23 12:00,19
7837,2019-11-23 13:00,13
7838,2019-11-23 14:00,16
7839,2019-11-23 15:00,30
7840,2019-11-23 16:00,29
7841,2019-11-23 17:00,25
7842,2019-11-23 18:00,15
7843,2019-11-23 19:00,28
7844,2019-11-23 20:00,21
7845,2019-11-23 21:00,24
7846,2019-11-23 22:00,29
7847,2019-11-23 23:00,21
7848,2019-11-24 00:00,22
7849,2019-11-24 01:00,25
7850,2019-11-24 02:00,20
7851,2019-11-24 03:00,16
7852,2019-11-24 04:00,17
7853,2019-11-24 05:00,20
7854,2019-11-24 06:00,15
7855,2019-11-24 07:00,8
7856,2019-11-24 08:00,12
7857,2019-11-24 09:00,15
7858,2019-11-24 10:00,14
7859,2019-11-24 11:00,18
7860,2019-11-24 12:00,12
7861,2019-11-24 13:00,17
7862,2019-11-24 14:00,16
7863,2019-11-24 15:00,20
7864,2019-11-24 16:00,27
7865,2019-11-24 17:00,18
7866,2019-11-24 18:00,28
7867,2019-11-24 19:00,22
7868,2019-11-24 20:00,26
7869,2019-11-24 21:00,19
7870,2019-11-24 22:00,28
7871,2019-11-24 23:00,24
7872,2019-11-25 00:00,14
7873,2019-11-25 01:00,11
7874,2019-11-25 02:00,17
7875,2019-11-25 03:00,32
7876,2019-11-25 04:00,34
7877,2019-11-25 05:00,16
7878,2019-11-25 06:00,8
7879,2019-11-25 07:00,18
7880,2019-11-25 08:00,4
7881,2019-11-25 09:00,12
7882,2019-11-25 10:00,7
7883,2019-11-25 11:00,10
7884,2019-11-25 12:00,10
7885,2019-11-25 13:00,24
7886,2019-11-25 14:00,17
7887,2019-11-25 15:00,19
7888,2019-11-25 16:00,22
7889,2019-11-25 17:00,19
7890,2019-11-25 18:00,31
7891,2019-11-25 19:00,31
7892,2019-11-25 20:00,35
7893,2019-11-25 21:00,28
7894,2019-11-25 22:00,34
7895,2019-11-25 23:00,18
7896,2019-11-26 00:00,20
7897,2019-11-26 01:00,19
7898,2019-11-26 02:00,22
7899,2019-11-26 03:00,14
7900,2019-11-26 04:00,19
7901,2019-11-26 05:00,17
7902,2019-11-26 06:00,14
7903,2019-11-26 07:00,12
7904,2019-11-26 08:00,16
7905,2019-11-26 09:00,20
7906,2019-11-26 10:00,10
7907,2019-11-26 11:00,11
7908,2019-11-26 12:00,11
7909,2019-11-26 13:00,20
7910,2019-11-26 14:00,10
7911,2019-11-26 15:00,16
7912,2019-11-26 16:00,15
7913,2019-11-26 17:00,21
7914,2019-11-26 18:00,33
7915,2019-11-26 19:00,29
7916,2019-11-26 20:00,19
7917,2019-11-26 21:00,12
7918,2019-11-26 22:00,20
7919,2019-11-26 23:00,18
7920,2019-11-27 00:00,14
7921,2019-11-27 01:00,21
7922,2019-11-27 02:00,11
7923,2019-11-27 03:00,14
7924,2019-11-27 04:00,19
7925,2019-11-27 05:00,18
7926,2019-11-27 06:00,20
7927,2019-11-27 07:00,9
7928,2019-11-27 08:00,18
7929,2019-11-27 09:00,11
7930,2019-11-27 10:00,10
7931,2019-11-27 11:00,12
7932,2019-11-27 12:00,16
7933,2019-11-27 13:00,20
7934,2019-11-27 14:00,16
7935,2019-11-27 15:00,24
7936,2019-11-27 16:00,20
7937,2019-11-27 17:00,23
7938,2019-11-27 18:00,22
7939,2019-11-27 19:00,25
7940,2019-11-27 20:00,25
7941,2019-11-27 21:00,24
7942,2019-11-27 22:00,34
7943,2019-11-27 23:00,19
7944,2019-11-28 00:00,15
7945,2019-11-28 01:00,19
7946,2019-11-28 02:00,20
7947,2019-11-28 03:00,13
7948,2019-11-28 04:00,21
7949,2019-11-28 05:00,10
7950,2019-11-28 06:00,9
7951,2019-11-28 07:00,22
7952,2019-11-28 08:00,14
7953,2019-11-28 09:00,18
7954,2019-11-28 10:00,10
7955,2019-11-28 11:00,15
7956,2019-11-28 12:00,11
7957,2019-11-28 13:00,13
7958,2019-11-28 14:00,11
7959,2019-11-28 15:00,20
7960,2019-11-28 16:00,15
7961,2019-11-28 17:00,19
7962,2019-11-28 18:00,17
7963,2019-11-28 19:00,32
7964,2019-11-28 20:00,17
7965,2019-11-28 21:00,26
7966,2019-11-28 22:00,27
7967,2019-11-28 23:00,15
7968,2019-11-29 00:00,13
7969,2019-11-29 01:00,14
7970,2019-11-29 02:00,12
7971,2019-11-29 03:00,9
7972,2019-11-29 04:00,9
7973,2019-11-29 05:00,21
7974,2019-11-29 06:00,14
7975,2019-11-29 07:00,9
7976,2019-11-29 08:00,14
7977,2019-11-29 09:00,13
7978,2019-11-29 10:00,10
7979,2019-11-29 11:00,14
7980,2019-11-29 12:00,9
7981,2019-11-29 13:00,16
7982,2019-11-29 14:00,11
7983,2019-11-29 15:00,16
7984,2019-11-29 16:00,12
7985,2019-11-29 17:00,24
7986,2019-11-29 18:00,32
7987,2019-11-29 19:00,20
7988,2019-11-29 20:00,31
7989,2019-11-29 21:00,14
7990,2019-11-29 22:00,15
7991,2019-11-29 23:00,15
7992,2019-11-30 00:00,29
7993,2019-11-30 01:00,10
7994,2019-11-30 02:00,18
7995,2019-11-30 03:00,10
7996,2019-11-30 04:00,17
7997,2019-11-30 05:00,13
7998,2019-11-30 06:00,8
7999,2019-11-30 07:00,12
8000,2019-11-30 08:00,10
8001,2019-11-30 09:00,9
8002,2019-11-30 10:00,16
8003,2019-11-30 11:00,14
8004,2019-11-30 12:00,12
8005,2019-11-30 13:00,11
8006,2019-11-30 14:00,21
8007,2019-11-30 15:00,16
8008,2019-11-30 16:00,38
8009,2019-11-30 17:00,55
8010,2019-11-30 18:00,47
8011,2019-11-30 19:00,60
8012,2019-11-30 20:00,17
8013,2019-11-30 21:00,22
8014,2019-11-30 22:00,25
8015,2019-11-30 23:00,23
8016,2019-12-01 00:00,17
8017,2019-12-01 01:00,19
8018,2019-12-01 02:00,19
8019,2019-12-01 03:00,14
8020,2019-12-01 04:00,16
8021,2019-12-01 05:00,17
8022,2019-12-01 06:00,11
8023,2019-12-01 07:00,13
8024,2019-12-01 08:00,8
8025,2019-12-01 09:00,7
8026,2019-12-01 10:00,11
8027,2019-12-01 11:00,16
8028,2019-12-01 12:00,9
8029,2019-12-01 13:00,6
8030,2019-12-01 14:00,14
8031,2019-12-01 15:00,24
8032,2019-12-01 16:00,22
8033,2019-12-01 17:00,17
8034,2019-12-01 18:00,23
8035,2019-12-01 19:00,19
8036,2019-12-01 20:00,24
8037,2019-12-01 21:00,20
8038,2019-12-01 22:00,27
8039,2019-12-01 23:00,19
8040,2019-12-02 00:00,13
8041,2019-12-02 01:00,15
8042,2019-12-02 02:00,20
8043,2019-12-02 03:00,8
8044,2019-12-02 04:00,10
8045,2019-12-02 05:00,17
8046,2019-12-02 06:00,12
8047,2019-12-02 07:00,8
8048,2019-12-02 08:00,6
8049,2019-12-02 09:00,7
8050,2019-12-02 10:00,9
8051,2019-12-02 11:00,11
8052,2019-12-02 12:00,13
8053,2019-12-02 13:00,16
8054,2019-12-02 14:00,18
8055,2019-12-02 15:00,15
8056,2019-12-02 16:00,14
8057,2019-12-02 17:00,19
8058,2019-12-02 18:00,22
8059,2019-12-02 19:00,20
8060,2019-12-02 20:00,24
8061,2019-12-02 21:00,24
8062,2019-12-02 22:00,20
8063,2019-12-02 23:00,29
8064,2019-12-03 00:00,21
8065,2019-12-03 01:00,24
8066,2019-12-03 02:00,20
8067,2019-12-03 03:00,22
8068,2019-12-03 04:00,23
8069,2019-12-03 05:00,23
8070,2019-12-03 06:00,20
8071,2019-12-03 07:00,12
8072,2019-12-03 08:00,17
8073,2019-12-03 09:00,7
8074,2019-12-03 10:00,15
8075,2019-12-03 11:00,19
8076,2019-12-03 12:00,15
8077,2019-12-03 13:00,22
8078,2019-12-03 14:00,28
8079,2019-12-03 15:00,22
8080,2019-12-03 16:00,55
8081,2019-12-03 17:00,81
8082,2019-12-03 18:00,52
8083,2019-12-03 19:00,48
8084,2019-12-03 20:00,47
8085,2019-12-03 21:00,55
8086,2019-12-03 22:00,60
8087,2019-12-03 23:00,64
8088,2019-12-04 00:00,64
8089,2019-12-04 01:00,35
8090,2019-12-04 02:00,31
8091,2019-12-04 03:00,34
8092,2019-12-04 04:00,21
8093,2019-12-04 05:00,66
8094,2019-12-04 06:00,23
8095,2019-12-04 07:00,21
8096,2019-12-04 08:00,19
8097,2019-12-04 09:00,24
8098,2019-12-04 10:00,12
8099,2019-12-04 11:00,15
8100,2019-12-04 12:00,23
8101,2019-12-04 13:00,25
8102,2019-12-04 14:00,19
8103,2019-12-04 15:00,21
8104,2019-12-04 16:00,31
8105,2019-12-04 17:00,25
8106,2019-12-04 18:00,32
8107,2019-12-04 19:00,25
8108,2019-12-04 20:00,20
8109,2019-12-04 21:00,26
8110,2019-12-04 22:00,31
8111,2019-12-04 23:00,39
8112,2019-12-05 00:00,20
8113,2019-12-05 01:00,0
8114,2019-12-05 02:00,10
8115,2019-12-05 03:00,21
8116,2019-12-05 04:00,19
8117,2019-12-05 05:00,16
8118,2019-12-05 06:00,14
8119,2019-12-05 07:00,12
8120,2019-12-05 08:00,9
8121,2019-12-05 09:00,14
8122,2019-12-05 10:00,13
8123,2019-12-05 11:00,14
8124,2019-12-05 12:00,9
8125,2019-12-05 13:00,12
8126,2019-12-05 14:00,31
8127,2019-12-05 15:00,11
8128,2019-12-05 16:00,17
8129,2019-12-05 17:00,29
8130,2019-12-05 18:00,25
8131,2019-12-05 19:00,40
8132,2019-12-05 20:00,61
8133,2019-12-05 21:00,51
8134,2019-12-05 22:00,47
8135,2019-12-05 23:00,52
8136,2019-12-06 00:00,70
8137,2019-12-06 01:00,49
8138,2019-12-06 02:00,32
8139,2019-12-06 03:00,35
8140,2019-12-06 04:00,44
8141,2019-12-06 05:00,29
8142,2019-12-06 06:00,39
8143,2019-12-06 07:00,33
8144,2019-12-06 08:00,19
8145,2019-12-06 09:00,49
8146,2019-12-06 10:00,40
8147,2019-12-06 11:00,47
8148,2019-12-06 12:00,46
8149,2019-12-06 13:00,39
8150,2019-12-06 14:00,27
8151,2019-12-06 15:00,47
8152,2019-12-06 16:00,46
8153,2019-12-06 17:00,45
8154,2019-12-06 18:00,37
8155,2019-12-06 19:00,25
8156,2019-12-06 20:00,32
8157,2019-12-06 21:00,23
8158,2019-12-06 22:00,16
8159,2019-12-06 23:00,24
8160,2019-12-07 00:00,20
8161,2019-12-07 01:00,15
8162,2019-12-07 02:00,15
8163,2019-12-07 03:00,20
8164,2019-12-07 04:00,18
8165,2019-12-07 05:00,13
8166,2019-12-07 06:00,18
8167,2019-12-07 07:00,11
8168,2019-12-07 08:00,8
8169,2019-12-07 09:00,10
8170,2019-12-07 10:00,12
8171,2019-12-07 11:00,11
8172,2019-12-07 12:00,11
8173,2019-12-07 13:00,26
8174,2019-12-07 14:00,18
8175,2019-12-07 15:00,23
8176,2019-12-07 16:00,20
8177,2019-12-07 17:00,25
8178,2019-12-07 18:00,18
8179,2019-12-07 19:00,30
8180,2019-12-07 20:00,30
8181,2019-12-07 21:00,30
8182,2019-12-07 22:00,26
8183,2019-12-07 23:00,23
8184,2019-12-08 00:00,31
8185,2019-12-08 01:00,23
8186,2019-12-08 02:00,11
8187,2019-12-08 03:00,16
8188,2019-12-08 04:00,15
8189,2019-12-08 05:00,7
8190,2019-12-08 06:00,7
8191,2019-12-08 07:00,18
8192,2019-12-08 08:00,9
8193,2019-12-08 09:00,10
8194,2019-12-08 10:00,11
8195,2019-12-08 11:00,8
8196,2019-12-08 12:00,11
8197,2019-12-08 13:00,19
8198,2019-12-08 14:00,13
8199,2019-12-08 15:00,17
8200,2019-12-08 16:00,17
8201,2019-12-08 17:00,23
8202,2019-12-08 18:00,30
8203,2019-12-08 19:00,22
8204,2019-12-08 20:00,26
8205,2019-12-08 21:00,20
8206,2019-12-08 22:00,17
8207,2019-12-08 23:00,26
8208,2019-12-09 00:00,17
8209,2019-12-09 01:00,29
8210,2019-12-09 02:00,11
8211,2019-12-09 03:00,14
8212,2019-12-09 04:00,16
8213,2019-12-09 05:00,18
8214,2019-12-09 06:00,11
8215,2019-12-09 07:00,23
8216,2019-12-09 08:00,33
8217,2019-12-09 09:00,12
8218,2019-12-09 10:00,13
8219,2019-12-09 11:00,12
8220,2019-12-09 12:00,13
8221,2019-12-09 13:00,11
8222,2019-12-09 14:00,18
8223,2019-12-09 15:00,23
8224,2019-12-09 16:00,27
8225,2019-12-09 17:00,23
8226,2019-12-09 18:00,22
8227,2019-12-09 19:00,22
8228,2019-12-09 20:00,22
8229,2019-12-09 21:00,19
8230,2019-12-09 22:00,17
8231,2019-12-09 23:00,19
8232,2019-12-10 00:00,20
8233,2019-12-10 01:00,16
8234,2019-12-10 02:00,17
8235,2019-12-10 03:00,16
8236,2019-12-10 04:00,16
8237,2019-12-10 05:00,8
8238,2019-12-10 06:00,15
8239,2019-12-10 07:00,8
8240,2019-12-10 08:00,17
8241,2019-12-10 09:00,13
8242,2019-12-10 10:00,6
8243,2019-12-10 11:00,14
8244,2019-12-10 12:00,10
8245,2019-12-10 13:00,22
8246,2019-12-10 14:00,19
8247,2019-12-10 15:00,17
8248,2019-12-10 16:00,15
8249,2019-12-10 17:00,11
8250,2019-12-10 18:00,21
8251,2019-12-10 19:00,14
8252,2019-12-10 20:00,21
8253,2019-12-10 21:00,15
8254,2019-12-10 22:00,22
8255,2019-12-10 23:00,30
8256,2019-12-11 00:00,16
8257,2019-12-11 01:00,17
8258,2019-12-11 02:00,13
8259,2019-12-11 03:00,15
8260,2019-12-11 04:00,9
8261,2019-12-11 05:00,13
8262,2019-12-11 06:00,14
8263,2019-12-11 07:00,10
8264,2019-12-11 08:00,8
8265,2019-12-11 09:00,9
8266,2019-12-11 10:00,10
8267,2019-12-11 11:00,11
8268,2019-12-11 12:00,11
8269,2019-12-11 13:00,11
8270,2019-12-11 14:00,13
8271,2019-12-11 15:00,19
8272,2019-12-11 16:00,19
8273,2019-12-11 17:00,17
8274,2019-12-11 18:00,19
8275,2019-12-11 19:00,18
8276,2019-12-11 20:00,19
8277,2019-12-11 21:00,22
8278,2019-12-11 22:00,10
8279,2019-12-11 23:00,17
8280,2019-12-12 00:00,20
8281,2019-12-12 01:00,11
8282,2019-12-12 02:00,17
8283,2019-12-12 03:00,10
8284,2019-12-12 04:00,16
8285,2019-12-12 05:00,12
8286,2019-12-12 06:00,10
8287,2019-12-12 07:00,12
8288,2019-12-12 08:00,16
8289,2019-12-12 09:00,11
8290,2019-12-12 10:00,10
8291,2019-12-12 11:00,7
8292,2019-12-12 12:00,20
8293,2019-12-12 13:00,27
8294,2019-12-12 14:00,18
8295,2019-12-12 15:00,19
8296,2019-12-12 16:00,19
8297,2019-12-12 17:00,21
8298,2019-12-12 18:00,19
8299,2019-12-12 19:00,17
8300,2019-12-12 20:00,25
8301,2019-12-12 21:00,30
8302,2019-12-12 22:00,22
8303,2019-12-12 23:00,25
8304,2019-12-13 00:00,26
8305,2019-12-13 01:00,14
8306,2019-12-13 02:00,24
8307,2019-12-13 03:00,13
8308,2019-12-13 04:00,21
8309,2019-12-13 05:00,22
8310,2019-12-13 06:00,11
8311,2019-12-13 07:00,14
8312,2019-12-13 08:00,12
8313,2019-12-13 09:00,12
8314,2019-12-13 10:00,14
8315,2019-12-13 11:00,13
8316,2019-12-13 12:00,13
8317,2019-12-13 13:00,14
8318,2019-12-13 14:00,13
8319,2019-12-13 15:00,20
8320,2019-12-13 16:00,21
8321,2019-12-13 17:00,25
8322,2019-12-13 18:00,24
8323,2019-12-13 19:00,31
8339,2019-12-14 11:00,14
8340,2019-12-14 12:00,13
8341,2019-12-14 13:00,16
8342,2019-12-14 14:00,17
8343,2019-12-14 15:00,9
8344,2019-12-14 16:00,17
8345,2019-12-14 17:00,26
8346,2019-12-14 18:00,25
8347,2019-12-14 19:00,24
8348,2019-12-14 20:00,19
8349,2019-12-14 21:00,33
8350,2019-12-14 22:00,27
8351,2019-12-14 23:00,27
8352,2019-12-15 00:00,26
8353,2019-12-15 01:00,23
8354,2019-12-15 02:00,17
8355,2019-12-15 03:00,15
8356,2019-12-15 04:00,16
8357,2019-12-15 05:00,21
8358,2019-12-15 06:00,14
8359,2019-12-15 07:00,10
8360,2019-12-15 08:00,8
8361,2019-12-15 09:00,13
8362,2019-12-15 10:00,9
8363,2019-12-15 11:00,13
8364,2019-12-15 12:00,11
8365,2019-12-15 13:00,14
8366,2019-12-15 14:00,12
8367,2019-12-15 15:00,15
8368,2019-12-15 16:00,19
8369,2019-12-15 17:00,14
8370,2019-12-15 18:00,20
8371,2019-12-15 19:00,21
8372,2019-12-15 20:00,24
8373,2019-12-15 21:00,24
8374,2019-12-15 22:00,14
8375,2019-12-15 23:00,19
8376,2019-12-16 00:00,31
8377,2019-12-16 01:00,14
8378,2019-12-16 02:00,22
8379,2019-12-16 03:00,15
8380,2019-12-16 04:00,25
8381,2019-12-16 05:00,12
8382,2019-12-16 06:00,16
8383,2019-12-16 07:00,13
8384,2019-12-16 08:00,7
8385,2019-12-16 09:00,5
8386,2019-12-16 10:00,16
8387,2019-12-16 11:00,18
8388,2019-12-16 12:00,21
8389,2019-12-16 13:00,20
8390,2019-12-16 14:00,23
8391,2019-12-16 15:00,19
8392,2019-12-16 16:00,32
8393,2019-12-16 17:00,27
8394,2019-12-16 18:00,26
8395,2019-12-16 19:00,24
8396,2019-12-16 20:00,23
8397,2019-12-16 21:00,29
8398,2019-12-16 22:00,36
8399,2019-12-16 23:00,25
8400,2019-12-17 00:00,20
8401,2019-12-17 01:00,18
8402,2019-12-17 02:00,33
8403,2019-12-17 03:00,13
8404,2019-12-17 04:00,27
8405,2019-12-17 05:00,14
8406,2019-12-17 06:00,19
8407,2019-12-17 07:00,21
8408,2019-12-17 08:00,34
8409,2019-12-17 09:00,18
8410,2019-12-17 10:00,31
8411,2019-12-17 11:00,25
8412,2019-12-17 12:00,21
8413,2019-12-17 13:00,20
8414,2019-12-17 14:00,36
8415,2019-12-17 15:00,35
8416,2019-12-17 16:00,38
8417,2019-12-17 17:00,49
8418,2019-12-17 18:00,46
8419,2019-12-17 19:00,41
8420,2019-12-17 20:00,34
8421,2019-12-17 21:00,50
8422,2019-12-17 22:00,39
8423,2019-12-17 23:00,39
8424,2019-12-18 00:00,91
8425,2019-12-18 01:00,104
8426,2019-12-18 02:00,77
8427,2019-12-18 03:00,94
8428,2019-12-18 04:00,54
8429,2019-12-18 05:00,60
8430,2019-12-18 06:00,51
8431,2019-12-18 07:00,42
8432,2019-12-18 08:00,44
8433,2019-12-18 09:00,48
8434,2019-12-18 10:00,37
8435,2019-12-18 11:00,37
8436,2019-12-18 12:00,45
8437,2019-12-18 13:00,41
8438,2019-12-18 14:00,42
8439,2019-12-18 15:00,40
8440,2019-12-18 16:00,266
8441,2019-12-18 17:00,200
8442,2019-12-18 18:00,159
8443,2019-12-18 19:00,133
8444,2019-12-18 20:00,117
8445,2019-12-18 21:00,83
8446,2019-12-18 22:00,100
8447,2019-12-18 23:00,86
8448,2019-12-19 00:00,80
8449,2019-12-19 01:00,77
8450,2019-12-19 02:00,65
8451,2019-12-19 03:00,78
8452,2019-12-19 04:00,54
8453,2019-12-19 05:00,60
8454,2019-12-19 06:00,47
8455,2019-12-19 07:00,46
8456,2019-12-19 08:00,68
8457,2019-12-19 09:00,58
8458,2019-12-19 10:00,42
8459,2019-12-19 11:00,42
8460,2019-12-19 12:00,61
8461,2019-12-19 13:00,64
8462,2019-12-19 14:00,83
8463,2019-12-19 15:00,68
8464,2019-12-19 16:00,97
8465,2019-12-19 17:00,88
8466,2019-12-19 18:00,58
8467,2019-12-19 19:00,121
8468,2019-12-19 20:00,170
8469,2019-12-19 21:00,186
8470,2019-12-19 22:00,590
8471,2019-12-19 23:00,299
8472,2019-12-20 00:00,206
8473,2019-12-20 01:00,157
8474,2019-12-20 02:00,134
8475,2019-12-20 03:00,95
8476,2019-12-20 04:00,96
8477,2019-12-20 05:00,87
8478,2019-12-20 06:00,66
8479,2019-12-20 07:00,52
8480,2019-12-20 08:00,64
8481,2019-12-20 09:00,57
8482,2019-12-20 10:00,50
8483,2019-12-20 11:00,44
8484,2019-12-20 12:00,61
8485,2019-12-20 13:00,48
8486,2019-12-20 14:00,45
8487,2019-12-20 15:00,53
8488,2019-12-20 16:00,55
8489,2019-12-20 17:00,54
8490,2019-12-20 18:00,45
8491,2019-12-20 19:00,59
8492,2019-12-20 20:00,38
8493,2019-12-20 21:00,35
8494,2019-12-20 22:00,32
8495,2019-12-20 23:00,46
8496,2019-12-21 00:00,20
8497,2019-12-21 01:00,28
8498,2019-12-21 02:00,25
8499,2019-12-21 03:00,29
8500,2019-12-21 04:00,22
8501,2019-12-21 05:00,16
8502,2019-12-21 06:00,28
8503,2019-12-21 07:00,17
8504,2019-12-21 08:00,19
8505,2019-12-21 09:00,21
8506,2019-12-21 10:00,9
8507,2019-12-21 11:00,16
8508,2019-12-21 12:00,18
8509,2019-12-21 13:00,22
8510,2019-12-21 14:00,25
8511,2019-12-21 15:00,27
8512,2019-12-21 16:00,23
8513,2019-12-21 17:00,33
8514,2019-12-21 18:00,29
8515,2019-12-21 19:00,41
8516,2019-12-21 20:00,19
8517,2019-12-21 21:00,24
8518,2019-12-21 22:00,20
8519,2019-12-21 23:00,32
8520,2019-12-22 00:00,18
8521,2019-12-22 01:00,13
8522,2019-12-22 02:00,12
8523,2019-12-22 03:00,12
8524,2019-12-22 04:00,10
8525,2019-12-22 05:00,16
8526,2019-12-22 06:00,16
8527,2019-12-22 07:00,15
8528,2019-12-22 08:00,10
8529,2019-12-22 09:00,20
8530,2019-12-22 10:00,6
8531,2019-12-22 11:00,6
8532,2019-12-22 12:00,12
8533,2019-12-22 13:00,12
8534,2019-12-22 14:00,9
8535,2019-12-22 15:00,12
8536,2019-12-22 16:00,17
8537,2019-12-22 17:00,15
8538,2019-12-22 18:00,15
8539,2019-12-22 19:00,12
8540,2019-12-22 20:00,13
8541,2019-12-22 21:00,15
8542,2019-12-22 22:00,14
8543,2019-12-22 23:00,18
8544,2019-12-23 00:00,19
8545,2019-12-23 01:00,20
8546,2019-12-23 02:00,23
8547,2019-12-23 03:00,18
8548,2019-12-23 04:00,21
8549,2019-12-23 05:00,13
8550,2019-12-23 06:00,12
8551,2019-12-23 07:00,9
8552,2019-12-23 08:00,15
8553,2019-12-23 09:00,21
8554,2019-12-23 10:00,9
8555,2019-12-23 11:00,14
8556,2019-12-23 12:00,34
8557,2019-12-23 13:00,21
8558,2019-12-23 14:00,13
8559,2019-12-23 15:00,16
8560,2019-12-23 16:00,10
8561,2019-12-23 17:00,13
8562,2019-12-23 18:00,31
8563,2019-12-23 19:00,19
8564,2019-12-23 20:00,15
8565,2019-12-23 21:00,17
8566,2019-12-23 22:00,8
8567,2019-12-23 23:00,12
8568,2019-12-24 00:00,13
8569,2019-12-24 01:00,11
8570,2019-12-24 02:00,16
8571,2019-12-24 03:00,9
8572,2019-12-24 04:00,34
8573,2019-12-24 05:00,18
8574,2019-12-24 06:00,12
8575,2019-12-24 07:00,13
8576,2019-12-24 08:00,26
8577,2019-12-24 09:00,13
8578,2019-12-24 10:00,14
8579,2019-12-24 11:00,9
8580,2019-12-24 12:00,14
8581,2019-12-24 13:00,17
8582,2019-12-24 14:00,14
8583,2019-12-24 15:00,19
8584,2019-12-24 16:00,29
8585,2019-12-24 17:00,18
8586,2019-12-24 18:00,18
8587,2019-12-24 19:00,14
8588,2019-12-24 20:00,27
8589,2019-12-24 21:00,21
8590,2019-12-24 22:00,11
8591,2019-12-24 23:00,13
8592,2019-12-25 00:00,8
8593,2019-12-25 01:00,10
8594,2019-12-25 02:00,13
8595,2019-12-25 03:00,7
8596,2019-12-25 04:00,25
8597,2019-12-25 05:00,10
8598,2019-12-25 06:00,12
8599,2019-12-25 07:00,24
8600,2019-12-25 08:00,10
8601,2019-12-25 09:00,10
8602,2019-12-25 10:00,5
8603,2019-12-25 11:00,9
8604,2019-12-25 12:00,8
8605,2019-12-25 13:00,15
8606,2019-12-25 14:00,9
8607,2019-12-25 15:00,10
8608,2019-12-25 16:00,10
8609,2019-12-25 17:00,14
8610,2019-12-25 18:00,10
8611,2019-12-25 19:00,11
8612,2019-12-25 20:00,8
8613,2019-12-25 21:00,15
8614,2019-12-25 22:00,8
8615,2019-12-25 23:00,12
8616,2019-12-26 00:00,8
8617,2019-12-26 01:00,12
8618,2019-12-26 02:00,9
8619,2019-12-26 03:00,9
8620,2019-12-26 04:00,4
8621,2019-12-26 05:00,6
8622,2019-12-26 06:00,6
8623,2019-12-26 07:00,8
8624,2019-12-26 08:00,3
8625,2019-12-26 09:00,7
8626,2019-12-26 10:00,5
8627,2019-12-26 11:00,4
8628,2019-12-26 12:00,7
8629,2019-12-26 13:00,12
8630,2019-12-26 14:00,8
8631,2019-12-26 15:00,7
8632,2019-12-26 16:00,11
8633,2019-12-26 17:00,7
8634,2019-12-26 18:00,9
8635,2019-12-26 19:00,10
8636,2019-12-26 20:00,5
8637,2019-12-26 21:00,9
8638,2019-12-26 22:00,9
8639,2019-12-26 23:00,9
8640,2019-12-27 00:00,7
8641,2019-12-27 01:00,4
8642,2019-12-27 02:00,5
8643,2019-12-27 03:00,10
8644,2019-12-27 04:00,9
8645,2019-12-27 05:00,7
8646,2019-12-27 06:00,4
8647,2019-12-27 07:00,5
8648,2019-12-27 08:00,2
8649,2019-12-27 09:00,3
8650,2019-12-27 10:00,3
8651,2019-12-27 11:00,7
8652,2019-12-27 12:00,6
8653,2019-12-27 13:00,4
8654,2019-12-27 14:00,6
8655,2019-12-27 15:00,12
8656,2019-12-27 16:00,8
8657,2019-12-27 17:00,7
8658,2019-12-27 18:00,10
8659,2019-12-27 19:00,10
8660,2019-12-27 20:00,11
8661,2019-12-27 21:00,9
8662,2019-12-27 22:00,12
8663,2019-12-27 23:00,8
8664,2019-12-28 00:00,7
8665,2019-12-28 01:00,6
8666,2019-12-28 02:00,9
8667,2019-12-28 03:00,6
8668,2019-12-28 04:00,6
8669,2019-12-28 05:00,9
8670,2019-12-28 06:00,6
8671,2019-12-28 07:00,8
8672,2019-12-28 08:00,9
8673,2019-12-28 09:00,4
8674,2019-12-28 10:00,8
8675,2019-12-28 11:00,7
8676,2019-12-28 12:00,5
8677,2019-12-28 13:00,6
8678,2019-12-28 14:00,9
8679,2019-12-28 15:00,3
8680,2019-12-28 16:00,13
8681,2019-12-28 17:00,14
8682,2019-12-28 18:00,10
8683,2019-12-28 19:00,6
8684,2019-12-28 20:00,5
8685,2019-12-28 21:00,8
8686,2019-12-28 22:00,215
8687,2019-12-28 23:00,73
8688,2019-12-29 00:00,95
8689,2019-12-29 01:00,50
8690,2019-12-29 02:00,27
8691,2019-12-29 03:00,25
8692,2019-12-29 04:00,26
8693,2019-12-29 05:00,20
8694,2019-12-29 06:00,23
8695,2019-12-29 07:00,19
8696,2019-12-29 08:00,13
8697,2019-12-29 09:00,14
8698,2019-12-29 10:00,9
8699,2019-12-29 11:00,13
8700,2019-12-29 12:00,19
8701,2019-12-29 13:00,17
8702,2019-12-29 14:00,15
8703,2019-12-29 15:00,20
8704,2019-12-29 16:00,24
8705,2019-12-29 17:00,16
8706,2019-12-29 18:00,19
8707,2019-12-29 19:00,12
8708,2019-12-29 20:00,13
8709,2019-12-29 21:00,14
8710,2019-12-29 22:00,16
8711,2019-12-29 23:00,14
8712,2019-12-30 00:00,18
8713,2019-12-30 01:00,19
8714,2019-12-30 02:00,20
8715,2019-12-30 03:00,9
8716,2019-12-30 04:00,7
8717,2019-12-30 05:00,16
8718,2019-12-30 06:00,9
8719,2019-12-30 07:00,14
8720,2019-12-30 08:00,9
8721,2019-12-30 09:00,7
8722,2019-12-30 10:00,9
8723,2019-12-30 11:00,7
8724,2019-12-30 12:00,11
8725,2019-12-30 13:00,20
8726,2019-12-30 14:00,8
8727,2019-12-30 15:00,9
8728,2019-12-30 16:00,10
8729,2019-12-30 17:00,11
8730,2019-12-30 18:00,15
8731,2019-12-30 19:00,17
8732,2019-12-30 20:00,20
8733,2019-12-30 21:00,16
8734,2019-12-30 22:00,24
8735,2019-12-30 23:00,10
8736,2019-12-31 00:00,10
8737,2019-12-31 01:00,9
8738,2019-12-31 02:00,7
8739,2019-12-31 03:00,15
8740,2019-12-31 04:00,7
8741,2019-12-31 05:00,9
8742,2019-12-31 06:00,12
8743,2019-12-31 07:00,7
8744,2019-12-31 08:00,5
8745,2019-12-31 09:00,17
8746,2019-12-31 10:00,8
8747,2019-12-31 11:00,13
8748,2019-12-31 12:00,9
8749,2019-12-31 13:00,7
8750,2019-12-31 14:00,5
8751,2019-12-31 15:00,20
8752,2019-12-31 16:00,12
8753,2019-12-31 17:00,10
8754,2019-12-31 18:00,19
8755,2019-12-31 19:00,19
8756,2019-12-31 20:00,23
8757,2019-12-31 21:00,23
8758,2019-12-31 22:00,12
8759,2019-12-31 23:00,10
8760,2020-01-01 00:00,21
8761,2020-01-01 01:00,14
8762,2020-01-01 02:00,8
8763,2020-01-01 03:00,8
8764,2020-01-01 04:00,10
8765,2020-01-01 05:00,14
8766,2020-01-01 06:00,22
8767,2020-01-01 07:00,12
8768,2020-01-01 08:00,7
8769,2020-01-01 09:00,15
8770,2020-01-01 10:00,5
8771,2020-01-01 11:00,3
8772,2020-01-01 12:00,8
8773,2020-01-01 13:00,1
8774,2020-01-01 14:00,6
8775,2020-01-01 15:00,5
8776,2020-01-01 16:00,5
8777,2020-01-01 17:00,10
8778,2020-01-01 18:00,8
8779,2020-01-01 19:00,12
8780,2020-01-01 20:00,10
8781,2020-01-01 21:00,4
8782,2020-01-01 22:00,12
8783,2020-01-01 23:00,3
8784,2020-01-02 00:00,10
8785,2020-01-02 01:00,7
8786,2020-01-02 02:00,6
8787,2020-01-02 03:00,5
8788,2020-01-02 04:00,4
8789,2020-01-02 05:00,6
8790,2020-01-02 06:00,5
8791,2020-01-02 07:00,5
8792,2020-01-02 08:00,6
8793,2020-01-02 09:00,17
8794,2020-01-02 10:00,8
8795,2020-01-02 11:00,5
8796,2020-01-02 12:00,11
8797,2020-01-02 13:00,4
8798,2020-01-02 14:00,4
8799,2020-01-02 15:00,15
8800,2020-01-02 16:00,12
8801,2020-01-02 17:00,6
8802,2020-01-02 18:00,9
8803,2020-01-02 19:00,13
8804,2020-01-02 20:00,11
8805,2020-01-02 21:00,5
8806,2020-01-02 22:00,5
8807,2020-01-02 23:00,10
8808,2020-01-03 00:00,8
8809,2020-01-03 01:00,2
8810,2020-01-03 02:00,10
8811,2020-01-03 03:00,3
8812,2020-01-03 04:00,13
8813,2020-01-03 05:00,4
8814,2020-01-03 06:00,7
8815,2020-01-03 07:00,3
8816,2020-01-03 08:00,6
8817,2020-01-03 09:00,18
8818,2020-01-03 10:00,6
8819,2020-01-03 11:00,3
8820,2020-01-03 12:00,5
8821,2020-01-03 13:00,4
8822,2020-01-03 14:00,10
8823,2020-01-03 15:00,2
8824,2020-01-03 16:00,5
8825,2020-01-03 17:00,7
8826,2020-01-03 18:00,7
8827,2020-01-03 19:00,8
8828,2020-01-03 20:00,4
8829,2020-01-03 21:00,7
8830,2020-01-03 22:00,12
8831,2020-01-03 23:00,7
8832,2020-01-04 00:00,6
8833,2020-01-04 01:00,7
8834,2020-01-04 02:00,8
8835,2020-01-04 03:00,4
8836,2020-01-04 04:00,4
8837,2020-01-04 05:00,3
8838,2020-01-04 06:00,10
8839,2020-01-04 07:00,7
8840,2020-01-04 08:00,4
8841,2020-01-04 09:00,13
8842,2020-01-04 10:00,6
8843,2020-01-04 11:00,4
8844,2020-01-04 12:00,6
8845,2020-01-04 13:00,2
8846,2020-01-04 14:00,3
8847,2020-01-04 15:00,10
8848,2020-01-04 16:00,9
8849,2020-01-04 17:00,10
8850,2020-01-04 18:00,14
8851,2020-01-04 19:00,8
8852,2020-01-04 20:00,6
8853,2020-01-04 21:00,12
8854,2020-01-04 22:00,5
8855,2020-01-04 23:00,8
8856,2020-01-05 00:00,7
8857,2020-01-05 01:00,7
8858,2020-01-05 02:00,5
8859,2020-01-05 03:00,4
8860,2020-01-05 04:00,7
8861,2020-01-05 05:00,7
8862,2020-01-05 06:00,8
8863,2020-01-05 07:00,3
8864,2020-01-05 08:00,6
8865,2020-01-05 09:00,18
8866,2020-01-05 10:00,2
8867,2020-01-05 11:00,9
8868,2020-01-05 12:00,9
8869,2020-01-05 13:00,6
8870,2020-01-05 14:00,4
8871,2020-01-05 15:00,10
8872,2020-01-05 16:00,10
8873,2020-01-05 17:00,7
8874,2020-01-05 18:00,10
8875,2020-01-05 19:00,8
8876,2020-01-05 20:00,13
8877,2020-01-05 21:00,5
8878,2020-01-05 22:00,2
8879,2020-01-05 23:00,7
8880,2020-01-06 00:00,6
8881,2020-01-06 01:00,6
8882,2020-01-06 02:00,5
8883,2020-01-06 03:00,6
8884,2020-01-06 04:00,2
8885,2020-01-06 05:00,7
8886,2020-01-06 06:00,8
8887,2020-01-06 07:00,6
8888,2020-01-06 08:00,3
8889,2020-01-06 09:00,14
8890,2020-01-06 10:00,2
8891,2020-01-06 11:00,6
8892,2020-01-06 12:00,3
8893,2020-01-06 13:00,5
8894,2020-01-06 14:00,8
8895,2020-01-06 15:00,5
8896,2020-01-06 16:00,4
8897,2020-01-06 17:00,4
8898,2020-01-06 18:00,7
8899,2020-01-06 19:00,10
8900,2020-01-06 20:00,4
8901,2020-01-06 21:00,1
8902,2020-01-06 22:00,7
8903,2020-01-06 23:00,9
8904,2020-01-07 00:00,4
8905,2020-01-07 01:00,14
8906,2020-01-07 02:00,9
8907,2020-01-07 03:00,8
8908,2020-01-07 04:00,3
8909,2020-01-07 05:00,3
8910,2020-01-07 06:00,5
8911,2020-01-07 07:00,13
8912,2020-01-07 08:00,4
8913,2020-01-07 09:00,5
8914,2020-01-07 10:00,4
8915,2020-01-07 11:00,10
8916,2020-01-07 12:00,3
8917,2020-01-07 13:00,5
8918,2020-01-07 14:00,4
8919,2020-01-07 15:00,2
8920,2020-01-07 16:00,4
8921,2020-01-07 17:00,4
8922,2020-01-07 18:00,6
8923,2020-01-07 19:00,5
8924,2020-01-07 20:00,4
8925,2020-01-07 21:00,6
8926,2020-01-07 22:00,4
8927,2020-01-07 23:00,5
8928,2020-01-08 00:00,5
8929,2020-01-08 01:00,5
8930,2020-01-08 02:00,2
8931,2020-01-08 03:00,8
8932,2020-01-08 04:00,2
8933,2020-01-08 05:00,7
8934,2020-01-08 06:00,4
8935,2020-01-08 07:00,5
8936,2020-01-08 08:00,2
8937,2020-01-08 09:00,6
8938,2020-01-08 10:00,2
8939,2020-01-08 11:00,3
8940,2020-01-08 12:00,4
8941,2020-01-08 13:00,2
8942,2020-01-08 14:00,2
8943,2020-01-08 15:00,3
8944,2020-01-08 16:00,2
8945,2020-01-08 17:00,9
8946,2020-01-08 18:00,4
8947,2020-01-08 19:00,10
8948,2020-01-08 20:00,11
8949,2020-01-08 21:00,6
8950,2020-01-08 22:00,6
8951,2020-01-08 23:00,2
8952,2020-01-09 00:00,8
8953,2020-01-09 01:00,3
8954,2020-01-09 02:00,7
8955,2020-01-09 03:00,4
8956,2020-01-09 04:00,4
8957,2020-01-09 05:00,4
8958,2020-01-09 06:00,4
8959,2020-01-09 07:00,8
8960,2020-01-09 08:00,5
8961,2020-01-09 09:00,8
8962,2020-01-09 10:00,1
8963,2020-01-09 11:00,1
8964,2020-01-09 12:00,3
8965,2020-01-09 13:00,3
8966,2020-01-09 14:00,6
8967,2020-01-09 15:00,4
8968,2020-01-09 16:00,4
8969,2020-01-09 17:00,3
8970,2020-01-09 18:00,3
8971,2020-01-09 19:00,0
8972,2020-01-09 20:00,5
8973,2020-01-09 21:00,6
8974,2020-01-09 22:00,4
8975,2020-01-09 23:00,4
8976,2020-01-10 00:00,3
8977,2020-01-10 01:00,5
8978,2020-01-10 02:00,3
8979,2020-01-10 03:00,6
8980,2020-01-10 04:00,2
8981,2020-01-10 05:00,3
8982,2020-01-10 06:00,0
8983,2020-01-10 07:00,3
8984,2020-01-10 08:00,2
8985,2020-01-10 09:00,7
8986,2020-01-10 10:00,5
8987,2020-01-10 11:00,2
8988,2020-01-10 12:00,8
8989,2020-01-10 13:00,7
8990,2020-01-10 14:00,6
8991,2020-01-10 15:00,10
8992,2020-01-10 16:00,6
8993,2020-01-10 17:00,5
8994,2020-01-10 18:00,3
8995,2020-01-10 19:00,8
8996,2020-01-10 20:00,8
8997,2020-01-10 21:00,3
8998,2020-01-10 22:00,4
8999,2020-01-10 23:00,6
9000,2020-01-11 00:00,5
9001,2020-01-11 01:00,6
9002,2020-01-11 02:00,4
9003,2020-01-11 03:00,5
9004,2020-01-11 04:00,2
9005,2020-01-11 05:00,2
9006,2020-01-11 06:00,1
9007,2020-01-11 07:00,5
9008,2020-01-11 08:00,2
9009,2020-01-11 09:00,7
9010,2020-01-11 10:00,4
9011,2020-01-11 11:00,3
9012,2020-01-11 12:00,3
9013,2020-01-11 13:00,4
9014,2020-01-11 14:00,5
9015,2020-01-11 15:00,4
9016,2020-01-11 16:00,5
9017,2020-01-11 17:00,4
9018,2020-01-11 18:00,10
9019,2020-01-11 19:00,6
9020,2020-01-11 20:00,6
9021,2020-01-11 21:00,2
9022,2020-01-11 22:00,6
9023,2020-01-11 23:00,2
9024,2020-01-12 00:00,3
9025,2020-01-12 01:00,6
9026,2020-01-12 02:00,7
9027,2020-01-12 03:00,4
9028,2020-01-12 04:00,5
9029,2020-01-12 05:00,2
9030,2020-01-12 06:00,4
9031,2020-01-12 07:00,5
9032,2020-01-12 08:00,3
9033,2020-01-12 09:00,13
9034,2020-01-12 10:00,2
9035,2020-01-12 11:00,1
9036,2020-01-12 12:00,1
9037,2020-01-12 13:00,3
9038,2020-01-12 14:00,3
9039,2020-01-12 15:00,4
9040,2020-01-12 16:00,6
9041,2020-01-12 17:00,5
9042,2020-01-12 18:00,4
9043,2020-01-12 19:00,3
9044,2020-01-12 20:00,6
9045,2020-01-12 21:00,3
9046,2020-01-12 22:00,3
9047,2020-01-12 23:00,4
9048,2020-01-13 00:00,6
9049,2020-01-13 01:00,4
9050,2020-01-13 02:00,4
9051,2020-01-13 03:00,2
9052,2020-01-13 04:00,1
9053,2020-01-13 05:00,3
9054,2020-01-13 06:00,3
9055,2020-01-13 07:00,1
9056,2020-01-13 08:00,5
9057,2020-01-13 09:00,8
9058,2020-01-13 10:00,0
9059,2020-01-13 11:00,5
9260,2020-01-21 20:00,5
9261,2020-01-21 21:00,4
9262,2020-01-21 22:00,4
9263,2020-01-21 23:00,3
9264,2020-01-22 00:00,3
9265,2020-01-22 01:00,7
9266,2020-01-22 02:00,4
9267,2020-01-22 03:00,2
9268,2020-01-22 04:00,3
9269,2020-01-22 05:00,3
9270,2020-01-22 06:00,7
9271,2020-01-22 07:00,2
9272,2020-01-22 08:00,2
9273,2020-01-22 09:00,5
9274,2020-01-22 10:00,2
9275,2020-01-22 11:00,0
9276,2020-01-22 12:00,3
9277,2020-01-22 13:00,13
9278,2020-01-22 14:00,4
9279,2020-01-22 15:00,5
9280,2020-01-22 16:00,3
9281,2020-01-22 17:00,12
9282,2020-01-22 18:00,9
9283,2020-01-22 19:00,5
9284,2020-01-22 20:00,3
9285,2020-01-22 21:00,1
9286,2020-01-22 22:00,1
9287,2020-01-22 23:00,2
9288,2020-01-23 00:00,2
9289,2020-01-23 01:00,3
9290,2020-01-23 02:00,1
9291,2020-01-23 03:00,3
9292,2020-01-23 04:00,2
9293,2020-01-23 05:00,0
9294,2020-01-23 06:00,3
9295,2020-01-23 07:00,2
9296,2020-01-23 08:00,4
9297,2020-01-23 09:00,7
9298,2020-01-23 10:00,3
9299,2020-01-23 11:00,2
9300,2020-01-23 12:00,3
9301,2020-01-23 13:00,5
9302,2020-01-23 14:00,5
9303,2020-01-23 15:00,5
9304,2020-01-23 16:00,3
9305,2020-01-23 17:00,4
9306,2020-01-23 18:00,2
9307,2020-01-23 19:00,1
9308,2020-01-23 20:00,3
9309,2020-01-23 21:00,4
9310,2020-01-23 22:00,4
9311,2020-01-23 23:00,4
9312,2020-01-24 00:00,1
9313,2020-01-24 01:00,2
9314,2020-01-24 02:00,2
9315,2020-01-24 03:00,3
9316,2020-01-24 04:00,2
9317,2020-01-24 05:00,0
9318,2020-01-24 06:00,1
9319,2020-01-24 07:00,3
9320,2020-01-24 08:00,1
9321,2020-01-24 09:00,7
9322,2020-01-24 10:00,11
9323,2020-01-24 11:00,4
9324,2020-01-24 12:00,10
9325,2020-01-24 13:00,9
9326,2020-01-24 14:00,4
9327,2020-01-24 15:00,12
9328,2020-01-24 16:00,5
9329,2020-01-24 17:00,9
9330,2020-01-24 18:00,2
9331,2020-01-24 19:00,4
9332,2020-01-24 20:00,2
9333,2020-01-24 21:00,2
9334,2020-01-24 22:00,1
9335,2020-01-24 23:00,1
9336,2020-01-25 00:00,2
9337,2020-01-25 01:00,2
9338,2020-01-25 02:00,4
9339,2020-01-25 03:00,2
9340,2020-01-25 04:00,3
9341,2020-01-25 05:00,0
9342,2020-01-25 06:00,6
9343,2020-01-25 07:00,12
9344,2020-01-25 08:00,0
9345,2020-01-25 09:00,6
9346,2020-01-25 10:00,1
9347,2020-01-25 11:00,2
9348,2020-01-25 12:00,2
9349,2020-01-25 13:00,3
9350,2020-01-25 14:00,3
9351,2020-01-25 15:00,12
9352,2020-01-25 16:00,2
9353,2020-01-25 17:00,4
9354,2020-01-25 18:00,0
9355,2020-01-25 19:00,4
9356,2020-01-25 20:00,2
9357,2020-01-25 21:00,2
9358,2020-01-25 22:00,5
9359,2020-01-25 23:00,5
9360,2020-01-26 00:00,2
9361,2020-01-26 01:00,4
9362,2020-01-26 02:00,2
9363,2020-01-26 03:00,1
9364,2020-01-26 04:00,1
9365,2020-01-26 05:00,2
9366,2020-01-26 06:00,0
9367,2020-01-26 07:00,2
9368,2020-01-26 08:00,0
9369,2020-01-26 09:00,6
9370,2020-01-26 10:00,0
9371,2020-01-26 11:00,2
9372,2020-01-26 12:00,0
9373,2020-01-26 13:00,2
9374,2020-01-26 14:00,2
9375,2020-01-26 15:00,6
9376,2020-01-26 16:00,2
9377,2020-01-26 17:00,2
9378,2020-01-26 18:00,3
9379,2020-01-26 19:00,1
9380,2020-01-26 20:00,4
9381,2020-01-26 21:00,1
9382,2020-01-26 22:00,0
9383,2020-01-26 23:00,0
9384,2020-01-27 00:00,1
9385,2020-01-27 01:00,1
9386,2020-01-27 02:00,2
9387,2020-01-27 03:00,1
9388,2020-01-27 04:00,2
9389,2020-01-27 05:00,1
9390,2020-01-27 06:00,2
9391,2020-01-27 07:00,1
9392,2020-01-27 08:00,2
9393,2020-01-27 09:00,6
9394,2020-01-27 10:00,1
9395,2020-01-27 11:00,0
9396,2020-01-27 12:00,2
9397,2020-01-27 13:00,1
9398,2020-01-27 14:00,1
9399,2020-01-27 15:00,1
9400,2020-01-27 16:00,2
9401,2020-01-27 17:00,5
9402,2020-01-27 18:00,5
9403,2020-01-27 19:00,2
9404,2020-01-27 20:00,1
9405,2020-01-27 21:00,3
9406,2020-01-27 22:00,1
9407,2020-01-27 23:00,1
9408,2020-01-28 00:00,3
9409,2020-01-28 01:00,4
9410,2020-01-28 02:00,5
9411,2020-01-28 03:00,1
9412,2020-01-28 04:00,2
9413,2020-01-28 05:00,2
9414,2020-01-28 06:00,0
9415,2020-01-28 07:00,2
9416,2020-01-28 08:00,1
9417,2020-01-28 09:00,4
9418,2020-01-28 10:00,2
9419,2020-01-28 11:00,1
9420,2020-01-28 12:00,1
9421,2020-01-28 13:00,2
9422,2020-01-28 14:00,2
9423,2020-01-28 15:00,2
9424,2020-01-28 16:00,2
9425,2020-01-28 17:00,1
9426,2020-01-28 18:00,3
9427,2020-01-28 19:00,3
9428,2020-01-28 20:00,2
9429,2020-01-28 21:00,4
9430,2020-01-28 22:00,2
9431,2020-01-28 23:00,1
9432,2020-01-29 00:00,4
9433,2020-01-29 01:00,2
9434,2020-01-29 02:00,1
9435,2020-01-29 03:00,3
9436,2020-01-29 04:00,4
9437,2020-01-29 05:00,4
9438,2020-01-29 06:00,4
9439,2020-01-29 07:00,1
9440,2020-01-29 08:00,1
9441,2020-01-29 09:00,7
9442,2020-01-29 10:00,0
9443,2020-01-29 11:00,0
9444,2020-01-29 12:00,1
9445,2020-01-29 13:00,2
9446,2020-01-29 14:00,3
9447,2020-01-29 15:00,13
9448,2020-01-29 16:00,4
9449,2020-01-29 17:00,0
9450,2020-01-29 18:00,3
9451,2020-01-29 19:00,3
9452,2020-01-29 20:00,3
9453,2020-01-29 21:00,0
9454,2020-01-29 22:00,0
9455,2020-01-29 23:00,5
9456,2020-01-30 00:00,1
9457,2020-01-30 01:00,0
9458,2020-01-30 02:00,1
9459,2020-01-30 03:00,1
9460,2020-01-30 04:00,1
9461,2020-01-30 05:00,1
9462,2020-01-30 06:00,1
9463,2020-01-30 07:00,2
9464,2020-01-30 08:00,1
9465,2020-01-30 09:00,8
9466,2020-01-30 10:00,1
9467,2020-01-30 11:00,4
9468,2020-01-30 12:00,0
9469,2020-01-30 13:00,4
9470,2020-01-30 14:00,2
9471,2020-01-30 15:00,1
9472,2020-01-30 16:00,2
9473,2020-01-30 17:00,2
9474,2020-01-30 18:00,0
9475,2020-01-30 19:00,2
9476,2020-01-30 20:00,0
9477,2020-01-30 21:00,4
9478,2020-01-30 22:00,3
9479,2020-01-30 23:00,2
9480,2020-01-31 00:00,2
9481,2020-01-31 01:00,3
9482,2020-01-31 02:00,2
9483,2020-01-31 03:00,2
9484,2020-01-31 04:00,0
9485,2020-01-31 05:00,6
9486,2020-01-31 06:00,1
9487,2020-01-31 07:00,2
9488,2020-01-31 08:00,2
9489,2020-01-31 09:00,10
9490,2020-01-31 10:00,2
9491,2020-01-31 11:00,2
9492,2020-01-31 12:00,2
9493,2020-01-31 13:00,1
9494,2020-01-31 14:00,2
9495,2020-01-31 15:00,1
9496,2020-01-31 16:00,1
9497,2020-01-31 17:00,2
9498,2020-01-31 18:00,2
9499,2020-01-31 19:00,0
9500,2020-01-31 20:00,1
9501,2020-01-31 21:00,0
9502,2020-01-31 22:00,0
9503,2020-01-31 23:00,0
9504,2020-02-01 00:00,1
9505,2020-02-01 01:00,0
9506,2020-02-01 02:00,2
9507,2020-02-01 03:00,3
9508,2020-02-01 04:00,2
9509,2020-02-01 05:00,0
9510,2020-02-01 06:00,0
9511,2020-02-01 07:00,1
9512,2020-02-01 08:00,1
9513,2020-02-01 09:00,5
9514,2020-02-01 10:00,0
9515,2020-02-01 11:00,3
9516,2020-02-01 12:00,0
9517,2020-02-01 13:00,1
9518,2020-02-01 14:00,2
9519,2020-02-01 15:00,1
9520,2020-02-01 16:00,2
9521,2020-02-01 17:00,1
9522,2020-02-01 18:00,1
9523,2020-02-01 19:00,4
9524,2020-02-01 20:00,1
9525,2020-02-01 21:00,0
9526,2020-02-01 22:00,1
9527,2020-02-01 23:00,0
9528,2020-02-02 00:00,4
9529,2020-02-02 01:00,3
9530,2020-02-02 02:00,3
9531,2020-02-02 03:00,3
9532,2020-02-02 04:00,1
9533,2020-02-02 05:00,6
9534,2020-02-02 06:00,1
9535,2020-02-02 07:00,1
9536,2020-02-02 08:00,1
9537,2020-02-02 09:00,5
9538,2020-02-02 10:00,2
9539,2020-02-02 11:00,1
9540,2020-02-02 12:00,1
9541,2020-02-02 13:00,3
9542,2020-02-02 14:00,0
9543,2020-02-02 15:00,1
9544,2020-02-02 16:00,3
9545,2020-02-02 17:00,4
9546,2020-02-02 18:00,4
9547,2020-02-02 19:00,3
9548,2020-02-02 20:00,3
9549,2020-02-02 21:00,3
9550,2020-02-02 22:00,4
9551,2020-02-02 23:00,2
9552,2020-02-03 00:00,0
9553,2020-02-03 01:00,0
9554,2020-02-03 02:00,3
9555,2020-02-03 03:00,2
9556,2020-02-03 04:00,6
9557,2020-02-03 05:00,1
9558,2020-02-03 06:00,1
9559,2020-02-03 07:00,0
9560,2020-02-03 08:00,2
9561,2020-02-03 09:00,7
9562,2020-02-03 10:00,0
9563,2020-02-03 11:00,2
9564,2020-02-03 12:00,1
9565,2020-02-03 13:00,4
9566,2020-02-03 14:00,3
9567,2020-02-03 15:00,3
9568,2020-02-03 16:00,3
9569,2020-02-03 17:00,4
9570,2020-02-03 18:00,2
9571,2020-02-03 19:00,8
9572,2020-02-03 20:00,13
9573,2020-02-03 21:00,7
9574,2020-02-03 22:00,7
9575,2020-02-03 23:00,6
9576,2020-02-04 00:00,4
9577,2020-02-04 01:00,2
9578,2020-02-04 02:00,0
9579,2020-02-04 03:00,2
9580,2020-02-04 04:00,0
9581,2020-02-04 05:00,1
9582,2020-02-04 06:00,1
9583,2020-02-04 07:00,1
9584,2020-02-04 08:00,2
9585,2020-02-04 09:00,8
9586,2020-02-04 10:00,1
9587,2020-02-04 11:00,2
9588,2020-02-04 12:00,3
9589,2020-02-04 13:00,1
9590,2020-02-04 14:00,3
9591,2020-02-04 15:00,3
9592,2020-02-04 16:00,3
9593,2020-02-04 17:00,5
9594,2020-02-04 18:00,5
9595,2020-02-04 19:00,5
9596,2020-02-04 20:00,2
9597,2020-02-04 21:00,2
9598,2020-02-04 22:00,1
9599,2020-02-04 23:00,6
9600,2020-02-05 00:00,3
9601,2020-02-05 01:00,3
9602,2020-02-05 02:00,2
9603,2020-02-05 03:00,10
9604,2020-02-05 04:00,4
9605,2020-02-05 05:00,5
9606,2020-02-05 06:00,1
9607,2020-02-05 07:00,2
9608,2020-02-05 08:00,1
9609,2020-02-05 09:00,5
9610,2020-02-05 10:00,0
9611,2020-02-05 11:00,0
9612,2020-02-05 12:00,1
9613,2020-02-05 13:00,5
9614,2020-02-05 14:00,1
9615,2020-02-05 15:00,2
9616,2020-02-05 16:00,0
9617,2020-02-05 17:00,1
9618,2020-02-05 18:00,2
9619,2020-02-05 19:00,1
9620,2020-02-05 20:00,4
9621,2020-02-05 21:00,1
9622,2020-02-05 22:00,0
9623,2020-02-05 23:00,5
9624,2020-02-06 00:00,3
9625,2020-02-06 01:00,2
9626,2020-02-06 02:00,2
9627,2020-02-06 03:00,2
9628,2020-02-06 04:00,3
9629,2020-02-06 05:00,2
9630,2020-02-06 06:00,2
9631,2020-02-06 07:00,1
9632,2020-02-06 08:00,0
9633,2020-02-06 09:00,8
9634,2020-02-06 10:00,1
9635,2020-02-06 11:00,0
9636,2020-02-06 12:00,0
9637,2020-02-06 13:00,1
9638,2020-02-06 14:00,2
9639,2020-02-06 15:00,1
9640,2020-02-06 16:00,0
9641,2020-02-06 17:00,4
9642,2020-02-06 18:00,0
9643,2020-02-06 19:00,2
9644,2020-02-06 20:00,5
9645,2020-02-06 21:00,3
9646,2020-02-06 22:00,0
9647,2020-02-06 23:00,2
9648,2020-02-07 00:00,3
9649,2020-02-07 01:00,3
9650,2020-02-07 02:00,0
9651,2020-02-07 03:00,0
9652,2020-02-07 04:00,1
9653,2020-02-07 05:00,0
9654,2020-02-07 06:00,1
9655,2020-02-07 07:00,1
9656,2020-02-07 08:00,3
9657,2020-02-07 09:00,8
9658,2020-02-07 10:00,6
9659,2020-02-07 11:00,2
9660,2020-02-07 12:00,1
9661,2020-02-07 13:00,3
9662,2020-02-07 14:00,2
9663,2020-02-07 15:00,2
9664,2020-02-07 16:00,5
9665,2020-02-07 17:00,3
9666,2020-02-07 18:00,3
9667,2020-02-07 19:00,3
9668,2020-02-07 20:00,3
9669,2020-02-07 21:00,1
9670,2020-02-07 22:00,0
9671,2020-02-07 23:00,2
9672,2020-02-08 00:00,3
9673,2020-02-08 01:00,4
9674,2020-02-08 02:00,2
9675,2020-02-08 03:00,1
9676,2020-02-08 04:00,3
9677,2020-02-08 05:00,1
9678,2020-02-08 06:00,3
9679,2020-02-08 07:00,2
9680,2020-02-08 08:00,2
9681,2020-02-08 09:00,7
9682,2020-02-08 10:00,1
9683,2020-02-08 11:00,1
9684,2020-02-08 12:00,1
9685,2020-02-08 13:00,2
9686,2020-02-08 14:00,1
9687,2020-02-08 15:00,3
9688,2020-02-08 16:00,2
9689,2020-02-08 17:00,9
9690,2020-02-08 18:00,7
9691,2020-02-08 19:00,2
9692,2020-02-08 20:00,7
9693,2020-02-08 21:00,3
9694,2020-02-08 22:00,1
9695,2020-02-08 23:00,2
9696,2020-02-09 00:00,2
9697,2020-02-09 01:00,5
9698,2020-02-09 02:00,1
9699,2020-02-09 03:00,3
9700,2020-02-09 04:00,2
9701,2020-02-09 05:00,2
9702,2020-02-09 06:00,3
9703,2020-02-09 07:00,0
9704,2020-02-09 08:00,1
9705,2020-02-09 09:00,8
9706,2020-02-09 10:00,1
9707,2020-02-09 11:00,1
9708,2020-02-09 12:00,2
9709,2020-02-09 13:00,1
9710,2020-02-09 14:00,2
9711,2020-02-09 15:00,2
9712,2020-02-09 16:00,2
9713,2020-02-09 17:00,2
9714,2020-02-09 18:00,3
9715,2020-02-09 19:00,5
9716,2020-02-09 20:00,0
9717,2020-02-09 21:00,1
9718,2020-02-09 22:00,1
9719,2020-02-09 23:00,1
9720,2020-02-10 00:00,2
9721,2020-02-10 01:00,5
9722,2020-02-10 02:00,2
9723,2020-02-10 03:00,2
9724,2020-02-10 04:00,1
9725,2020-02-10 05:00,0
9726,2020-02-10 06:00,1
9727,2020-02-10 07:00,0
9728,2020-02-10 08:00,1
9729,2020-02-10 09:00,4
9730,2020-02-10 10:00,0
9731,2020-02-10 11:00,1
9732,2020-02-10 12:00,2
9733,2020-02-10 13:00,2
9734,2020-02-10 14:00,5
9735,2020-02-10 15:00,1
9736,2020-02-10 16:00,1
9737,2020-02-10 17:00,2
9738,2020-02-10 18:00,3
9739,2020-02-10 19:00,0
9740,2020-02-10 20:00,3
9741,2020-02-10 21:00,2
9742,2020-02-10 22:00,5
9743,2020-02-10 23:00,0
9744,2020-02-11 00:00,2
9745,2020-02-11 01:00,3
9746,2020-02-11 02:00,23
9747,2020-02-11 03:00,1
9748,2020-02-11 04:00,9
9749,2020-02-11 05:00,7
9750,2020-02-11 06:00,2
9751,2020-02-11 07:00,3
9752,2020-02-11 08:00,0
9753,2020-02-11 09:00,8
9754,2020-02-11 10:00,1
9755,2020-02-11 11:00,0
9756,2020-02-11 12:00,3
9757,2020-02-11 13:00,4
9758,2020-02-11 14:00,4
9759,2020-02-11 15:00,2
9760,2020-02-11 16:00,2
9761,2020-02-11 17:00,4
9762,2020-02-11 18:00,1
9763,2020-02-11 19:00,3
9764,2020-02-11 20:00,5
9765,2020-02-11 21:00,4
9766,2020-02-11 22:00,2
9767,2020-02-11 23:00,5
9768,2020-02-12 00:00,4
9769,2020-02-12 01:00,4
9770,2020-02-12 02:00,1
9771,2020-02-12 03:00,0
9772,2020-02-12 04:00,4
9773,2020-02-12 05:00,2
9774,2020-02-12 06:00,1
9775,2020-02-12 07:00,1
9776,2020-02-12 08:00,1
9777,2020-02-12 09:00,6
9778,2020-02-12 10:00,0
9779,2020-02-12 11:00,1
9780,2020-02-12 12:00,1
9781,2020-02-12 13:00,2
9782,2020-02-12 14:00,2
9783,2020-02-12 15:00,1
9784,2020-02-12 16:00,3
9785,2020-02-12 17:00,6
9786,2020-02-12 18:00,1
9787,2020-02-12 19:00,0
9788,2020-02-12 20:00,0
9789,2020-02-12 21:00,1
9790,2020-02-12 22:00,2
9791,2020-02-12 23:00,3
9792,2020-02-13 00:00,4
9793,2020-02-13 01:00,2
9794,2020-02-13 02:00,12
9795,2020-02-13 03:00,10
9796,2020-02-13 04:00,8
9797,2020-02-13 05:00,7
9798,2020-02-13 06:00,11
9799,2020-02-13 07:00,5
9800,2020-02-13 08:00,1
9801,2020-02-13 09:00,6
9802,2020-02-13 10:00,4
9803,2020-02-13 11:00,2
9804,2020-02-13 12:00,6
9805,2020-02-13 13:00,10
9806,2020-02-13 14:00,0
9807,2020-02-13 15:00,4
9808,2020-02-13 16:00,2
9809,2020-02-13 17:00,5
9810,2020-02-13 18:00,5
9811,2020-02-13 19:00,2
9812,2020-02-13 20:00,0
9813,2020-02-13 21:00,5
9814,2020-02-13 22:00,1
9815,2020-02-13 23:00,8
9816,2020-02-14 00:00,0
9817,2020-02-14 01:00,2
9818,2020-02-14 02:00,4
9819,2020-02-14 03:00,1
9820,2020-02-14 04:00,0
9821,2020-02-14 05:00,3
9822,2020-02-14 06:00,1
9823,2020-02-14 07:00,0
9824,2020-02-14 08:00,3
9825,2020-02-14 09:00,6
9826,2020-02-14 10:00,3
9827,2020-02-14 11:00,6
9828,2020-02-14 12:00,3
9829,2020-02-14 13:00,4
9830,2020-02-14 14:00,2
9831,2020-02-14 15:00,0
9832,2020-02-14 16:00,1
9833,2020-02-14 17:00,4
9834,2020-02-14 18:00,1
9835,2020-02-14 19:00,0
9836,2020-02-14 20:00,7
9837,2020-02-14 21:00,0
9838,2020-02-14 22:00,1
9839,2020-02-14 23:00,4
9840,2020-02-15 00:00,0
9841,2020-02-15 01:00,7
9842,2020-02-15 02:00,3
9843,2020-02-15 03:00,2
9844,2020-02-15 04:00,1
9845,2020-02-15 05:00,1
9846,2020-02-15 06:00,0
9847,2020-02-15 07:00,2
9848,2020-02-15 08:00,0
9849,2020-02-15 09:00,10
9850,2020-02-15 10:00,1
9851,2020-02-15 11:00,1
9852,2020-02-15 12:00,1
9853,2020-02-15 13:00,1
9854,2020-02-15 14:00,1
9855,2020-02-15 15:00,0
9856,2020-02-15 16:00,3
9857,2020-02-15 17:00,1
9858,2020-02-15 18:00,2
9859,2020-02-15 19:00,1
9860,2020-02-15 20:00,2
9861,2020-02-15 21:00,2
9862,2020-02-15 22:00,1
9863,2020-02-15 23:00,2
9864,2020-02-16 00:00,3
9865,2020-02-16 01:00,1
9866,2020-02-16 02:00,2
9867,2020-02-16 03:00,2
9868,2020-02-16 04:00,1
9869,2020-02-16 05:00,56
9870,2020-02-16 06:00,21
9871,2020-02-16 07:00,13
9872,2020-02-16 08:00,14
9873,2020-02-16 09:00,14
9874,2020-02-16 10:00,15
9875,2020-02-16 11:00,14
9876,2020-02-16 12:00,12
9877,2020-02-16 13:00,13
9878,2020-02-16 14:00,7
9879,2020-02-16 15:00,12
9880,2020-02-16 16:00,12
9881,2020-02-16 17:00,4
9882,2020-02-16 18:00,8
9883,2020-02-16 19:00,4
9884,2020-02-16 20:00,5
9885,2020-02-16 21:00,6
9886,2020-02-16 22:00,2
9887,2020-02-16 23:00,5
9888,2020-02-17 00:00,2
9889,2020-02-17 01:00,2
9890,2020-02-17 02:00,1
9891,2020-02-17 03:00,2
9892,2020-02-17 04:00,1
9893,2020-02-17 05:00,6
9894,2020-02-17 06:00,4
9895,2020-02-17 07:00,4
9896,2020-02-17 08:00,0
9897,2020-02-17 09:00,6
9898,2020-02-17 10:00,3
9899,2020-02-17 11:00,0
9900,2020-02-17 12:00,0
9901,2020-02-17 13:00,4
9902,2020-02-17 14:00,3
9903,2020-02-17 15:00,3
9904,2020-02-17 16:00,1
9905,2020-02-17 17:00,7
9906,2020-02-17 18:00,8
9907,2020-02-17 19:00,2
9908,2020-02-17 20:00,5
9909,2020-02-17 21:00,1
9910,2020-02-17 22:00,1
9911,2020-02-17 23:00,4
9912,2020-02-18 00:00,3
9913,2020-02-18 01:00,3
9914,2020-02-18 02:00,0
9915,2020-02-18 03:00,1
9916,2020-02-18 04:00,1
9917,2020-02-18 05:00,2
9918,2020-02-18 06:00,1
9919,2020-02-18 07:00,1
9920,2020-02-18 08:00,0
9921,2020-02-18 09:00,11
9922,2020-02-18 10:00,0
9923,2020-02-18 11:00,1
9924,2020-02-18 12:00,0
9925,2020-02-18 13:00,3
9926,2020-02-18 14:00,13
9927,2020-02-18 15:00,4
9928,2020-02-18 16:00,3
9929,2020-02-18 17:00,6
9930,2020-02-18 18:00,3
9931,2020-02-18 19:00,4
9932,2020-02-18 20:00,1
9933,2020-02-18 21:00,6
9934,2020-02-18 22:00,1
9935,2020-02-18 23:00,3
9936,2020-02-19 00:00,2
9937,2020-02-19 01:00,3
9938,2020-02-19 02:00,2
9939,2020-02-19 03:00,1
9940,2020-02-19 04:00,5
9941,2020-02-19 05:00,1
9942,2020-02-19 06:00,1
9943,2020-02-19 07:00,0
9944,2020-02-19 08:00,1
9945,2020-02-19 09:00,8
9946,2020-02-19 10:00,0
9947,2020-02-19 11:00,1
9948,2020-02-19 12:00,0
9949,2020-02-19 13:00,2
9950,2020-02-19 14:00,3
9951,2020-02-19 15:00,4
9952,2020-02-19 16:00,2
9953,2020-02-19 17:00,9
9954,2020-02-19 18:00,15
9955,2020-02-19 19:00,10
9956,2020-02-19 20:00,5
9957,2020-02-19 21:00,1
9958,2020-02-19 22:00,7
9959,2020-02-19 23:00,5
9960,2020-02-20 00:00,3
9961,2020-02-20 01:00,4
9962,2020-02-20 02:00,2
9963,2020-02-20 03:00,4
9964,2020-02-20 04:00,4
9965,2020-02-20 05:00,2
9966,2020-02-20 06:00,1
9967,2020-02-20 07:00,4
9968,2020-02-20 08:00,3
9969,2020-02-20 09:00,9
9970,2020-02-20 10:00,4
9971,2020-02-20 11:00,2
9972,2020-02-20 12:00,1
9973,2020-02-20 13:00,2
9974,2020-02-20 14:00,2
9975,2020-02-20 15:00,7
9976,2020-02-20 16:00,2
9977,2020-02-20 17:00,2
9978,2020-02-20 18:00,3
9979,2020-02-20 19:00,6
9980,2020-02-20 20:00,5
9981,2020-02-20 21:00,5
9982,2020-02-20 22:00,2
9983,2020-02-20 23:00,2
9984,2020-02-21 00:00,1
9985,2020-02-21 01:00,2
9986,2020-02-21 02:00,0
9987,2020-02-21 03:00,4
9988,2020-02-21 04:00,2
9989,2020-02-21 05:00,5
9990,2020-02-21 06:00,3
9991,2020-02-21 07:00,0
9992,2020-02-21 08:00,0
9993,2020-02-21 09:00,6
9994,2020-02-21 10:00,0
9995,2020-02-21 11:00,2
9996,2020-02-21 12:00,0
9997,2020-02-21 13:00,1
9998,2020-02-21 14:00,1
9999,2020-02-21 15:00,2
10000,2020-02-21 16:00,0
10001,2020-02-21 17:00,1
10002,2020-02-21 18:00,6
10003,2020-02-21 19:00,7
10004,2020-02-21 20:00,0
10005,2020-02-21 21:00,3
10006,2020-02-21 22:00,3
10007,2020-02-21 23:00,2
10008,2020-02-22 00:00,1
10009,2020-02-22 01:00,1
10010,2020-02-22 02:00,1
10011,2020-02-22 03:00,2
10012,2020-02-22 04:00,0
10013,2020-02-22 05:00,1
10014,2020-02-22 06:00,1
10015,2020-02-22 07:00,1
10016,2020-02-22 08:00,1
10017,2020-02-22 09:00,4
10018,2020-02-22 10:00,1
10019,2020-02-22 11:00,1
10020,2020-02-22 12:00,1
10021,2020-02-22 13:00,3
10022,2020-02-22 14:00,1
10023,2020-02-22 15:00,4
10024,2020-02-22 16:00,0
10025,2020-02-22 17:00,1
10026,2020-02-22 18:00,2
10027,2020-02-22 19:00,2
10028,2020-02-22 20:00,1
10029,2020-02-22 21:00,1
10030,2020-02-22 22:00,0
10031,2020-02-22 23:00,2
10032,2020-02-23 00:00,0
10033,2020-02-23 01:00,0
10034,2020-02-23 02:00,0
10035,2020-02-23 03:00,0
10036,2020-02-23 04:00,1
10037,2020-02-23 05:00,1
10038,2020-02-23 06:00,2
10039,2020-02-23 07:00,4
10040,2020-02-23 08:00,0
10041,2020-02-23 09:00,5
10042,2020-02-23 10:00,0
10043,2020-02-23 11:00,1
10044,2020-02-23 12:00,0
10045,2020-02-23 13:00,2
10046,2020-02-23 14:00,1
10047,2020-02-23 15:00,2
10048,2020-02-23 16:00,2
10049,2020-02-23 17:00,0
10050,2020-02-23 18:00,1
10051,2020-02-23 19:00,2
10052,2020-02-23 20:00,2
10053,2020-02-23 21:00,1
10054,2020-02-23 22:00,1
10055,2020-02-23 23:00,2
10056,2020-02-24 00:00,2
10057,2020-02-24 01:00,2
10058,2020-02-24 02:00,0
10059,2020-02-24 03:00,2
10060,2020-02-24 04:00,1
10061,2020-02-24 05:00,2
10062,2020-02-24 06:00,2
10063,2020-02-24 07:00,1
10064,2020-02-24 08:00,1
10065,2020-02-24 09:00,8
10066,2020-02-24 10:00,2
10067,2020-02-24 11:00,1
10068,2020-02-24 12:00,0
10069,2020-02-24 13:00,2
10070,2020-02-24 14:00,1
10071,2020-02-24 15:00,2
10072,2020-02-24 16:00,2
10073,2020-02-24 17:00,3
10074,2020-02-24 18:00,1
10075,2020-02-24 19:00,4
10076,2020-02-24 20:00,6
10077,2020-02-24 21:00,1
10078,2020-02-24 22:00,0
10079,2020-02-24 23:00,6
10080,2020-02-25 00:00,0
10081,2020-02-25 01:00,3
10082,2020-02-25 02:00,6
10083,2020-02-25 03:00,1
10084,2020-02-25 04:00,0
10085,2020-02-25 05:00,0
10086,2020-02-25 06:00,1
10087,2020-02-25 07:00,1
10088,2020-02-25 08:00,1
10089,2020-02-25 09:00,5
10090,2020-02-25 10:00,0
10091,2020-02-25 11:00,0
10092,2020-02-25 12:00,0
10093,2020-02-25 13:00,1
10094,2020-02-25 14:00,1
10095,2020-02-25 15:00,3
10096,2020-02-25 16:00,3
10097,2020-02-25 17:00,1
10098,2020-02-25 18:00,3
10099,2020-02-25 19:00,1
10100,2020-02-25 20:00,2
10101,2020-02-25 21:00,1
10102,2020-02-25 22:00,6
10103,2020-02-25 23:00,6
10104,2020-02-26 00:00,4
10105,2020-02-26 01:00,0
10106,2020-02-26 02:00,3
10107,2020-02-26 03:00,1
10108,2020-02-26 04:00,2
10109,2020-02-26 05:00,0
10110,2020-02-26 06:00,1
10111,2020-02-26 07:00,2
10112,2020-02-26 08:00,0
10113,2020-02-26 09:00,3
10114,2020-02-26 10:00,1
10115,2020-02-26 11:00,1
10116,2020-02-26 12:00,0
10117,2020-02-26 13:00,1
10118,2020-02-26 14:00,1